-- MySQL dump 10.13  Distrib 8.0.40, for Linux (x86_64)
--
-- Host: localhost    Database: multiVendor
-- ------------------------------------------------------
-- Server version	8.0.40-0ubuntu0.24.04.1

/*!40101 SET @OLD_CHARACTER_SET_CLIENT=@@CHARACTER_SET_CLIENT */;
/*!40101 SET @OLD_CHARACTER_SET_RESULTS=@@CHARACTER_SET_RESULTS */;
/*!40101 SET @OLD_COLLATION_CONNECTION=@@COLLATION_CONNECTION */;
/*!50503 SET NAMES utf8mb4 */;
/*!40103 SET @OLD_TIME_ZONE=@@TIME_ZONE */;
/*!40103 SET TIME_ZONE='+00:00' */;
/*!40014 SET @OLD_UNIQUE_CHECKS=@@UNIQUE_CHECKS, UNIQUE_CHECKS=0 */;
/*!40014 SET @OLD_FOREIGN_KEY_CHECKS=@@FOREIGN_KEY_CHECKS, FOREIGN_KEY_CHECKS=0 */;
/*!40101 SET @OLD_SQL_MODE=@@SQL_MODE, SQL_MODE='NO_AUTO_VALUE_ON_ZERO' */;
/*!40111 SET @OLD_SQL_NOTES=@@SQL_NOTES, SQL_NOTES=0 */;

--
-- Table structure for table `categories`
--

DROP TABLE IF EXISTS `categories`;
/*!40101 SET @saved_cs_client     = @@character_set_client */;
/*!50503 SET character_set_client = utf8mb4 */;
CREATE TABLE `categories` (
  `id` bigint unsigned NOT NULL AUTO_INCREMENT,
  `parent_id` bigint unsigned DEFAULT NULL,
  `name` varchar(255) COLLATE utf8mb4_unicode_ci NOT NULL,
  `slug` varchar(255) COLLATE utf8mb4_unicode_ci NOT NULL,
  `description` longtext COLLATE utf8mb4_unicode_ci,
  `image` varchar(255) COLLATE utf8mb4_unicode_ci DEFAULT NULL,
  `status` enum('active','archived') COLLATE utf8mb4_unicode_ci NOT NULL DEFAULT 'active',
  `created_at` timestamp NULL DEFAULT NULL,
  `updated_at` timestamp NULL DEFAULT NULL,
  `deleted_at` timestamp NULL DEFAULT NULL,
  PRIMARY KEY (`id`),
  UNIQUE KEY `categories_slug_unique` (`slug`),
  KEY `categories_parent_id_foreign` (`parent_id`),
  CONSTRAINT `categories_parent_id_foreign` FOREIGN KEY (`parent_id`) REFERENCES `categories` (`id`) ON DELETE SET NULL
) ENGINE=InnoDB AUTO_INCREMENT=22 DEFAULT CHARSET=utf8mb4 COLLATE=utf8mb4_unicode_ci;
/*!40101 SET character_set_client = @saved_cs_client */;

--
-- Dumping data for table `categories`
--

LOCK TABLES `categories` WRITE;
/*!40000 ALTER TABLE `categories` DISABLE KEYS */;
INSERT INTO `categories` VALUES (1,NULL,'ut pariatur','ut-pariatur',NULL,'https://via.placeholder.com/640x480.png/004433?text=ea','archived','2025-01-10 14:23:31','2025-01-11 05:43:40',NULL),(2,NULL,'officiis ducimus','officiis-ducimus','Occaecati dolorem vel vero maiores deserunt voluptatibus nisi ut accusantium et quo temporibus.','https://via.placeholder.com/640x480.png/00ff00?text=quaerat','active','2025-01-10 14:23:31','2025-01-10 14:23:31',NULL),(3,NULL,'ut eos','ut-eos','Dolorem corporis voluptatibus alias aut at in qui quis non quia voluptate voluptatem totam.','https://via.placeholder.com/640x480.png/0099cc?text=deserunt','active','2025-01-10 14:23:31','2025-01-10 14:23:31',NULL),(4,NULL,'iusto optio','iusto-optio','Impedit ex in sint tempora qui et dolorum sit accusamus sunt blanditiis tempora officiis aut reprehenderit sequi consequatur suscipit.','https://via.placeholder.com/640x480.png/002222?text=sapiente','active','2025-01-10 14:23:31','2025-01-10 14:23:31',NULL),(5,NULL,'eos eos','eos-eos','Quasi pariatur fugiat ea et libero voluptatum pariatur nobis quia ipsam iure.','https://via.placeholder.com/640x480.png/001122?text=quisquam','active','2025-01-10 14:23:31','2025-01-10 14:23:31',NULL),(6,NULL,'placeat nihil','placeat-nihil','Sapiente odio enim quam id accusamus laudantium similique soluta amet consequuntur.','https://via.placeholder.com/640x480.png/0088ee?text=ex','active','2025-01-10 14:23:31','2025-01-10 14:23:31',NULL),(7,NULL,'doloremque dolores','doloremque-dolores','Illum odit non quidem consequatur non explicabo autem modi omnis.','https://via.placeholder.com/640x480.png/00dd33?text=quibusdam','active','2025-01-10 14:23:31','2025-01-10 14:23:31',NULL),(8,NULL,'et molestiae','et-molestiae','Et id quia dolorem laboriosam veniam sed autem quia sit libero illo.','https://via.placeholder.com/640x480.png/00cc55?text=non','active','2025-01-10 14:23:31','2025-01-10 14:23:31',NULL),(9,NULL,'quibusdam veritatis','quibusdam-veritatis','Et ut similique perspiciatis et vitae maxime fugiat aperiam ipsa enim.','https://via.placeholder.com/640x480.png/002277?text=quia','active','2025-01-10 14:23:31','2025-01-10 14:23:31',NULL),(10,NULL,'fuga tempore','fuga-tempore','Deserunt rerum debitis laborum excepturi velit quod non et maxime et similique voluptatem unde.','https://via.placeholder.com/640x480.png/0066ee?text=tempora','active','2025-01-10 14:23:31','2025-01-10 14:23:31',NULL),(11,NULL,'magnam ratione','magnam-ratione','Qui cupiditate reiciendis quia voluptate quo dolore ullam ea molestiae iure dignissimos perspiciatis velit et molestiae ut et.','https://via.placeholder.com/640x480.png/000033?text=dolores','active','2025-01-10 14:23:31','2025-01-10 14:23:31',NULL),(12,NULL,'occaecati officiis','occaecati-officiis','Quod id est omnis accusantium fugit molestiae molestiae itaque occaecati natus qui itaque ullam voluptatibus eius.','https://via.placeholder.com/640x480.png/006666?text=culpa','active','2025-01-10 14:23:31','2025-01-10 14:23:31',NULL),(13,NULL,'officiis adipisci','officiis-adipisci','Corporis tenetur sint maiores non cum dolorem voluptas aliquid consequatur consequuntur facere tempora illum vero hic commodi.','https://via.placeholder.com/640x480.png/0066aa?text=ut','active','2025-01-10 14:23:31','2025-01-10 14:23:31',NULL),(14,NULL,'nisi sit','nisi-sit','Et omnis nihil corporis odit numquam aut consequuntur aspernatur fugiat praesentium quia quia.','https://via.placeholder.com/640x480.png/00ee22?text=nihil','active','2025-01-10 14:23:31','2025-01-10 14:23:31',NULL),(15,NULL,'non aperiam','non-aperiam','Et sint dolores et voluptas inventore qui ut similique hic consectetur placeat.','https://via.placeholder.com/640x480.png/002288?text=eligendi','active','2025-01-10 14:23:31','2025-01-10 14:23:31',NULL),(16,NULL,'aut rerum','aut-rerum','Tempore amet quisquam maiores aut non consequatur neque illo corrupti est corrupti accusamus.','https://via.placeholder.com/640x480.png/00bbbb?text=nesciunt','active','2025-01-10 14:23:31','2025-01-10 14:23:31',NULL),(17,NULL,'nobis labore','nobis-labore','Voluptatem dignissimos non velit rem sequi corrupti occaecati ex architecto repudiandae non quo aperiam est qui.','https://via.placeholder.com/640x480.png/005555?text=sint','active','2025-01-10 14:23:31','2025-01-10 14:23:31',NULL),(18,NULL,'vero aperiam','vero-aperiam','Soluta omnis qui culpa dolorum unde qui magnam architecto impedit aut corporis.','https://via.placeholder.com/640x480.png/00cc11?text=excepturi','active','2025-01-10 14:23:31','2025-01-10 14:23:31',NULL),(19,NULL,'dolorem voluptatem','dolorem-voluptatem','Voluptatem amet culpa dolore voluptatem molestias assumenda qui eum excepturi ut et laudantium sed non et fugit qui.','https://via.placeholder.com/640x480.png/00eecc?text=vero','active','2025-01-10 14:23:31','2025-01-10 14:23:31',NULL),(20,NULL,'reiciendis et','reiciendis-et','Sed corrupti atque doloremque omnis nesciunt unde impedit sapiente et minima quas ut inventore expedita distinctio minima iusto totam.','https://via.placeholder.com/640x480.png/009988?text=voluptatum','active','2025-01-10 14:23:31','2025-01-10 14:23:31',NULL),(21,1,'clothes','clothes',NULL,'uploads/TMB1jRSAUHNo0LeuTmwTU7qadWUMFNkxm5S7yzY2.jpg','active','2025-01-11 05:50:54','2025-01-11 05:50:54',NULL);
/*!40000 ALTER TABLE `categories` ENABLE KEYS */;
UNLOCK TABLES;

--
-- Table structure for table `failed_jobs`
--

DROP TABLE IF EXISTS `failed_jobs`;
/*!40101 SET @saved_cs_client     = @@character_set_client */;
/*!50503 SET character_set_client = utf8mb4 */;
CREATE TABLE `failed_jobs` (
  `id` bigint unsigned NOT NULL AUTO_INCREMENT,
  `uuid` varchar(255) COLLATE utf8mb4_unicode_ci NOT NULL,
  `connection` text COLLATE utf8mb4_unicode_ci NOT NULL,
  `queue` text COLLATE utf8mb4_unicode_ci NOT NULL,
  `payload` longtext COLLATE utf8mb4_unicode_ci NOT NULL,
  `exception` longtext COLLATE utf8mb4_unicode_ci NOT NULL,
  `failed_at` timestamp NOT NULL DEFAULT CURRENT_TIMESTAMP,
  PRIMARY KEY (`id`),
  UNIQUE KEY `failed_jobs_uuid_unique` (`uuid`)
) ENGINE=InnoDB DEFAULT CHARSET=utf8mb4 COLLATE=utf8mb4_unicode_ci;
/*!40101 SET character_set_client = @saved_cs_client */;

--
-- Dumping data for table `failed_jobs`
--

LOCK TABLES `failed_jobs` WRITE;
/*!40000 ALTER TABLE `failed_jobs` DISABLE KEYS */;
/*!40000 ALTER TABLE `failed_jobs` ENABLE KEYS */;
UNLOCK TABLES;

--
-- Table structure for table `migrations`
--

DROP TABLE IF EXISTS `migrations`;
/*!40101 SET @saved_cs_client     = @@character_set_client */;
/*!50503 SET character_set_client = utf8mb4 */;
CREATE TABLE `migrations` (
  `id` int unsigned NOT NULL AUTO_INCREMENT,
  `migration` varchar(255) COLLATE utf8mb4_unicode_ci NOT NULL,
  `batch` int NOT NULL,
  PRIMARY KEY (`id`)
) ENGINE=InnoDB AUTO_INCREMENT=16 DEFAULT CHARSET=utf8mb4 COLLATE=utf8mb4_unicode_ci;
/*!40101 SET character_set_client = @saved_cs_client */;

--
-- Dumping data for table `migrations`
--

LOCK TABLES `migrations` WRITE;
/*!40000 ALTER TABLE `migrations` DISABLE KEYS */;
INSERT INTO `migrations` VALUES (1,'2014_10_12_000000_create_users_table',1),(2,'2014_10_12_100000_create_password_reset_tokens_table',1),(3,'2019_08_19_000000_create_failed_jobs_table',1),(4,'2019_12_14_000001_create_personal_access_tokens_table',1),(5,'2025_01_04_080553_create_stores_table',1),(6,'2025_01_04_104549_create_categories_table',1),(7,'2025_01_10_104508_add_soft_deletes_to_categories_table',1),(8,'2025_01_10_135331_create_products_table',1),(9,'2025_01_10_143053_add_store_id_to_users_table',1),(10,'2025_01_11_092724_create_profiles_table',2),(13,'2025_01_11_200146_create_tags_table',3),(14,'2025_01_11_200600_create_product_tag_table',3),(15,'2025_01_16_100413_add_type_column_to_user_table',4);
/*!40000 ALTER TABLE `migrations` ENABLE KEYS */;
UNLOCK TABLES;

--
-- Table structure for table `password_reset_tokens`
--

DROP TABLE IF EXISTS `password_reset_tokens`;
/*!40101 SET @saved_cs_client     = @@character_set_client */;
/*!50503 SET character_set_client = utf8mb4 */;
CREATE TABLE `password_reset_tokens` (
  `email` varchar(255) COLLATE utf8mb4_unicode_ci NOT NULL,
  `token` varchar(255) COLLATE utf8mb4_unicode_ci NOT NULL,
  `created_at` timestamp NULL DEFAULT NULL,
  PRIMARY KEY (`email`)
) ENGINE=InnoDB DEFAULT CHARSET=utf8mb4 COLLATE=utf8mb4_unicode_ci;
/*!40101 SET character_set_client = @saved_cs_client */;

--
-- Dumping data for table `password_reset_tokens`
--

LOCK TABLES `password_reset_tokens` WRITE;
/*!40000 ALTER TABLE `password_reset_tokens` DISABLE KEYS */;
/*!40000 ALTER TABLE `password_reset_tokens` ENABLE KEYS */;
UNLOCK TABLES;

--
-- Table structure for table `personal_access_tokens`
--

DROP TABLE IF EXISTS `personal_access_tokens`;
/*!40101 SET @saved_cs_client     = @@character_set_client */;
/*!50503 SET character_set_client = utf8mb4 */;
CREATE TABLE `personal_access_tokens` (
  `id` bigint unsigned NOT NULL AUTO_INCREMENT,
  `tokenable_type` varchar(255) COLLATE utf8mb4_unicode_ci NOT NULL,
  `tokenable_id` bigint unsigned NOT NULL,
  `name` varchar(255) COLLATE utf8mb4_unicode_ci NOT NULL,
  `token` varchar(64) COLLATE utf8mb4_unicode_ci NOT NULL,
  `abilities` text COLLATE utf8mb4_unicode_ci,
  `last_used_at` timestamp NULL DEFAULT NULL,
  `expires_at` timestamp NULL DEFAULT NULL,
  `created_at` timestamp NULL DEFAULT NULL,
  `updated_at` timestamp NULL DEFAULT NULL,
  PRIMARY KEY (`id`),
  UNIQUE KEY `personal_access_tokens_token_unique` (`token`),
  KEY `personal_access_tokens_tokenable_type_tokenable_id_index` (`tokenable_type`,`tokenable_id`)
) ENGINE=InnoDB DEFAULT CHARSET=utf8mb4 COLLATE=utf8mb4_unicode_ci;
/*!40101 SET character_set_client = @saved_cs_client */;

--
-- Dumping data for table `personal_access_tokens`
--

LOCK TABLES `personal_access_tokens` WRITE;
/*!40000 ALTER TABLE `personal_access_tokens` DISABLE KEYS */;
/*!40000 ALTER TABLE `personal_access_tokens` ENABLE KEYS */;
UNLOCK TABLES;

--
-- Table structure for table `product_tag`
--

DROP TABLE IF EXISTS `product_tag`;
/*!40101 SET @saved_cs_client     = @@character_set_client */;
/*!50503 SET character_set_client = utf8mb4 */;
CREATE TABLE `product_tag` (
  `product_id` bigint unsigned NOT NULL,
  `tag_id` bigint unsigned NOT NULL,
  PRIMARY KEY (`product_id`,`tag_id`),
  KEY `product_tag_tag_id_foreign` (`tag_id`),
  CONSTRAINT `product_tag_product_id_foreign` FOREIGN KEY (`product_id`) REFERENCES `products` (`id`) ON DELETE CASCADE,
  CONSTRAINT `product_tag_tag_id_foreign` FOREIGN KEY (`tag_id`) REFERENCES `tags` (`id`) ON DELETE CASCADE
) ENGINE=InnoDB DEFAULT CHARSET=utf8mb4 COLLATE=utf8mb4_unicode_ci;
/*!40101 SET character_set_client = @saved_cs_client */;

--
-- Dumping data for table `product_tag`
--

LOCK TABLES `product_tag` WRITE;
/*!40000 ALTER TABLE `product_tag` DISABLE KEYS */;
INSERT INTO `product_tag` VALUES (1,12),(1,14),(1,15),(1,16);
/*!40000 ALTER TABLE `product_tag` ENABLE KEYS */;
UNLOCK TABLES;

--
-- Table structure for table `products`
--

DROP TABLE IF EXISTS `products`;
/*!40101 SET @saved_cs_client     = @@character_set_client */;
/*!50503 SET character_set_client = utf8mb4 */;
CREATE TABLE `products` (
  `id` bigint unsigned NOT NULL AUTO_INCREMENT,
  `store_id` bigint unsigned NOT NULL,
  `category_id` bigint unsigned DEFAULT NULL,
  `name` varchar(255) COLLATE utf8mb4_unicode_ci NOT NULL,
  `slug` varchar(255) COLLATE utf8mb4_unicode_ci NOT NULL,
  `description` longtext COLLATE utf8mb4_unicode_ci,
  `image` text COLLATE utf8mb4_unicode_ci,
  `price` double(8,2) NOT NULL DEFAULT '0.00',
  `compare_price` double(8,2) DEFAULT NULL,
  `options` json DEFAULT NULL,
  `rating` double(8,2) NOT NULL DEFAULT '0.00',
  `featured` tinyint(1) NOT NULL DEFAULT '0',
  `status` enum('active','draft','inactive') COLLATE utf8mb4_unicode_ci NOT NULL DEFAULT 'active',
  `deleted_at` timestamp NULL DEFAULT NULL,
  `created_at` timestamp NULL DEFAULT NULL,
  `updated_at` timestamp NULL DEFAULT NULL,
  PRIMARY KEY (`id`),
  UNIQUE KEY `products_slug_unique` (`slug`),
  KEY `products_store_id_foreign` (`store_id`),
  KEY `products_category_id_foreign` (`category_id`),
  CONSTRAINT `products_category_id_foreign` FOREIGN KEY (`category_id`) REFERENCES `categories` (`id`) ON DELETE SET NULL,
  CONSTRAINT `products_store_id_foreign` FOREIGN KEY (`store_id`) REFERENCES `stores` (`id`) ON DELETE CASCADE
) ENGINE=InnoDB AUTO_INCREMENT=201 DEFAULT CHARSET=utf8mb4 COLLATE=utf8mb4_unicode_ci;
/*!40101 SET character_set_client = @saved_cs_client */;

--
-- Dumping data for table `products`
--

LOCK TABLES `products` WRITE;
/*!40000 ALTER TABLE `products` DISABLE KEYS */;
INSERT INTO `products` VALUES (1,5,13,'molestias fugiat eveniet','molestias-fugiat-eveniet',NULL,'https://via.placeholder.com/600x600.png/006699?text=reprehenderit',379.00,811.10,NULL,0.00,1,'active',NULL,'2025-01-10 14:23:32','2025-01-15 08:07:10'),(2,18,1,'magnam velit suscipit','magnam-velit-suscipit','Asperiores quos ut saepe ut odio aut cupiditate eveniet sit quis iusto aut quasi quia porro id.','https://via.placeholder.com/600x600.png/005522?text=iusto',118.70,644.40,NULL,0.00,0,'active',NULL,'2025-01-10 14:23:32','2025-01-10 14:23:32'),(3,12,12,'numquam sit consequatur','numquam-sit-consequatur','Ut dolorum blanditiis totam quia tempora reprehenderit totam officiis reiciendis doloremque qui.','https://via.placeholder.com/600x600.png/008877?text=vel',493.00,782.90,NULL,0.00,0,'active',NULL,'2025-01-10 14:23:32','2025-01-10 14:23:32'),(4,5,9,'accusantium et temporibus','accusantium-et-temporibus','Nam voluptate possimus quaerat asperiores deserunt et nesciunt sapiente eveniet qui maiores.','https://via.placeholder.com/600x600.png/0055cc?text=voluptatem',69.20,927.60,NULL,0.00,0,'active',NULL,'2025-01-10 14:23:32','2025-01-10 14:23:32'),(5,13,16,'veniam id est','veniam-id-est','Nihil qui qui nobis sunt nostrum sed quod tempore debitis rem qui porro sed tempora nemo laudantium aut vel quod.','https://via.placeholder.com/600x600.png/003322?text=perspiciatis',95.90,560.50,NULL,0.00,1,'active',NULL,'2025-01-10 14:23:32','2025-01-10 14:23:32'),(6,5,5,'sit expedita odit','sit-expedita-odit','Est sed ab architecto id provident et voluptatibus minus doloribus eos quisquam quod iure sunt neque suscipit.','https://via.placeholder.com/600x600.png/003377?text=molestiae',462.40,823.40,NULL,0.00,1,'active',NULL,'2025-01-10 14:23:32','2025-01-10 14:23:32'),(7,6,3,'quod fuga quam','quod-fuga-quam','Ea aliquid enim rerum consequatur nisi molestiae corrupti voluptatum recusandae beatae accusamus autem.','https://via.placeholder.com/600x600.png/003366?text=pariatur',243.80,612.40,NULL,0.00,0,'active',NULL,'2025-01-10 14:23:32','2025-01-10 14:23:32'),(8,12,19,'amet quis sapiente','amet-quis-sapiente','Quaerat illo at repudiandae sit tempore commodi aut quaerat tempora voluptatem esse.','https://via.placeholder.com/600x600.png/00cc77?text=ipsa',394.10,618.30,NULL,0.00,1,'active',NULL,'2025-01-10 14:23:32','2025-01-10 14:23:32'),(9,17,16,'qui minus aliquam','qui-minus-aliquam','Ut consectetur laborum labore odit incidunt hic quisquam ab eveniet qui.','https://via.placeholder.com/600x600.png/0033ee?text=maiores',238.10,721.60,NULL,0.00,1,'active',NULL,'2025-01-10 14:23:32','2025-01-10 14:23:32'),(10,15,1,'eos ut aspernatur','eos-ut-aspernatur','Nihil soluta ut deleniti sed sint reiciendis voluptatibus voluptatum voluptas.','https://via.placeholder.com/600x600.png/0088aa?text=quae',143.70,538.40,NULL,0.00,1,'active',NULL,'2025-01-10 14:23:32','2025-01-10 14:23:32'),(11,15,3,'sunt eos ut','sunt-eos-ut','Voluptatem quis consequuntur tenetur quas dolorem dolorum nisi impedit nemo asperiores ut odit consequatur sunt voluptatem ea molestias eos praesentium impedit iure.','https://via.placeholder.com/600x600.png/009922?text=laudantium',300.10,542.60,NULL,0.00,1,'active',NULL,'2025-01-10 14:23:32','2025-01-10 14:23:32'),(12,19,18,'quis ea aliquid','quis-ea-aliquid','Fuga non ratione dicta excepturi qui quae repudiandae eligendi maxime occaecati voluptatem praesentium voluptatibus minus a molestiae placeat quasi sit.','https://via.placeholder.com/600x600.png/00ccee?text=blanditiis',486.20,681.50,NULL,0.00,0,'active',NULL,'2025-01-10 14:23:32','2025-01-10 14:23:32'),(13,9,20,'a voluptas incidunt','a-voluptas-incidunt','Molestias numquam quam et ipsum ipsam magni quam quae rerum.','https://via.placeholder.com/600x600.png/004411?text=perferendis',340.80,984.20,NULL,0.00,1,'active',NULL,'2025-01-10 14:23:32','2025-01-10 14:23:32'),(14,5,17,'aut perspiciatis quibusdam','aut-perspiciatis-quibusdam','Voluptas consequatur officiis magni itaque quasi quod dolorem ut provident est tempora fuga omnis necessitatibus sapiente est dolorem.','https://via.placeholder.com/600x600.png/00eedd?text=possimus',405.00,541.30,NULL,0.00,0,'active',NULL,'2025-01-10 14:23:32','2025-01-10 14:23:32'),(15,16,11,'id vel dolor','id-vel-dolor','Facilis dolores doloremque vitae qui animi itaque repudiandae consequatur expedita illum quam illum.','https://via.placeholder.com/600x600.png/007700?text=quam',128.70,733.70,NULL,0.00,0,'active',NULL,'2025-01-10 14:23:32','2025-01-10 14:23:32'),(16,7,6,'sequi nulla illum','sequi-nulla-illum','Fugit ipsam et est deleniti sit quasi dolorum iste tenetur natus delectus consequatur minima accusamus magnam.','https://via.placeholder.com/600x600.png/0011cc?text=odit',271.50,505.10,NULL,0.00,1,'active',NULL,'2025-01-10 14:23:32','2025-01-10 14:23:32'),(17,6,11,'veniam ad enim','veniam-ad-enim','Et eaque illo non mollitia ab sapiente quia numquam ut et et vero distinctio laborum perferendis sit.','https://via.placeholder.com/600x600.png/00cc11?text=eum',364.10,723.00,NULL,0.00,1,'active',NULL,'2025-01-10 14:23:32','2025-01-10 14:23:32'),(18,20,10,'officia vel eaque','officia-vel-eaque','Quis sunt ad blanditiis asperiores voluptate id sit officia asperiores.','https://via.placeholder.com/600x600.png/0000ff?text=ut',289.20,735.40,NULL,0.00,0,'active',NULL,'2025-01-10 14:23:32','2025-01-10 14:23:32'),(19,7,7,'dolores nisi eum','dolores-nisi-eum','Voluptates qui dolore sed eaque sed voluptatem dolorem animi provident amet fugiat sint voluptatem corporis modi.','https://via.placeholder.com/600x600.png/005555?text=natus',183.40,536.10,NULL,0.00,0,'active',NULL,'2025-01-10 14:23:32','2025-01-10 14:23:32'),(20,2,3,'ut aut beatae','ut-aut-beatae','Recusandae et natus eius modi ut impedit voluptas unde officia qui perferendis sed facilis dolor tempore corporis et maiores dicta.','https://via.placeholder.com/600x600.png/00eebb?text=ut',391.70,770.10,NULL,0.00,1,'active',NULL,'2025-01-10 14:23:32','2025-01-10 14:23:32'),(21,11,14,'praesentium quaerat eligendi','praesentium-quaerat-eligendi','Modi deleniti quidem animi ea necessitatibus non nostrum mollitia soluta odio optio voluptatum et et.','https://via.placeholder.com/600x600.png/000033?text=repellendus',156.60,966.50,NULL,0.00,1,'active',NULL,'2025-01-10 14:23:32','2025-01-10 14:23:32'),(22,12,4,'magnam temporibus nulla','magnam-temporibus-nulla','Aliquid molestiae et similique earum est porro qui voluptatem quas sunt esse asperiores consequatur.','https://via.placeholder.com/600x600.png/006644?text=omnis',497.60,859.50,NULL,0.00,0,'active',NULL,'2025-01-10 14:23:32','2025-01-10 14:23:32'),(23,4,13,'eum maxime ex','eum-maxime-ex','Natus autem fuga voluptatem facere maxime est ut placeat enim cumque qui.','https://via.placeholder.com/600x600.png/002233?text=nobis',158.40,514.00,NULL,0.00,1,'active',NULL,'2025-01-10 14:23:32','2025-01-10 14:23:32'),(24,16,20,'facilis ducimus ea','facilis-ducimus-ea','Eos exercitationem voluptatem nisi eos rem quia est voluptas magnam commodi cupiditate cumque assumenda molestiae tenetur distinctio vero assumenda dolores dolor explicabo.','https://via.placeholder.com/600x600.png/00ff22?text=dignissimos',235.00,612.50,NULL,0.00,1,'active',NULL,'2025-01-10 14:23:32','2025-01-10 14:23:32'),(25,13,11,'recusandae facilis aspernatur','recusandae-facilis-aspernatur','Qui expedita nihil omnis iure ab aliquam ut rem assumenda qui.','https://via.placeholder.com/600x600.png/00ffee?text=et',209.40,588.10,NULL,0.00,0,'active',NULL,'2025-01-10 14:23:32','2025-01-10 14:23:32'),(26,7,2,'omnis deleniti excepturi','omnis-deleniti-excepturi','Praesentium unde doloremque possimus deserunt minima aliquid eaque sit ut fuga itaque ipsam inventore qui cum dolores neque vel ut ut.','https://via.placeholder.com/600x600.png/00ff44?text=illum',225.00,698.50,NULL,0.00,1,'active',NULL,'2025-01-10 14:23:32','2025-01-10 14:23:32'),(27,5,2,'nemo porro sed','nemo-porro-sed','Quibusdam libero et non nobis qui quibusdam sed ut est reiciendis ab.','https://via.placeholder.com/600x600.png/00bbee?text=tempore',69.80,613.00,NULL,0.00,0,'active',NULL,'2025-01-10 14:23:32','2025-01-10 14:23:32'),(28,3,6,'tempora consectetur architecto','tempora-consectetur-architecto','Dolorum neque nostrum quo voluptatem aut aspernatur earum facere autem at totam quos sed inventore quae.','https://via.placeholder.com/600x600.png/00eeaa?text=in',94.90,516.40,NULL,0.00,0,'active',NULL,'2025-01-10 14:23:32','2025-01-10 14:23:32'),(29,5,13,'corrupti pariatur doloremque','corrupti-pariatur-doloremque','Quae fugit quae similique vel voluptates dolores error corporis non officiis quae.','https://via.placeholder.com/600x600.png/000055?text=delectus',305.00,992.20,NULL,0.00,1,'active',NULL,'2025-01-10 14:23:32','2025-01-10 14:23:32'),(30,20,6,'expedita dolores voluptatem','expedita-dolores-voluptatem','Laborum quis rem est a et neque deleniti consequatur molestias.','https://via.placeholder.com/600x600.png/00ffee?text=doloremque',162.30,775.00,NULL,0.00,0,'active',NULL,'2025-01-10 14:23:32','2025-01-10 14:23:32'),(31,11,10,'vero sit et','vero-sit-et','Nulla non nobis eos vero eum eaque voluptatem mollitia nihil molestiae dicta veniam.','https://via.placeholder.com/600x600.png/000022?text=ad',350.50,605.20,NULL,0.00,1,'active',NULL,'2025-01-10 14:23:32','2025-01-10 14:23:32'),(32,15,20,'ea sed laboriosam','ea-sed-laboriosam','Velit ratione voluptatum cumque doloremque nihil impedit autem quaerat suscipit molestiae voluptates eius rerum blanditiis omnis alias consequatur.','https://via.placeholder.com/600x600.png/0022dd?text=est',429.10,836.20,NULL,0.00,0,'active',NULL,'2025-01-10 14:23:32','2025-01-10 14:23:32'),(33,16,3,'autem laborum placeat','autem-laborum-placeat','Quae temporibus at voluptate dolores facilis omnis iusto est harum.','https://via.placeholder.com/600x600.png/00dd99?text=harum',32.70,508.40,NULL,0.00,0,'active',NULL,'2025-01-10 14:23:32','2025-01-10 14:23:32'),(34,3,11,'sit reiciendis dolorem','sit-reiciendis-dolorem','Quia dolor laboriosam quasi aut praesentium explicabo sint tenetur et officiis qui sit ut.','https://via.placeholder.com/600x600.png/00bb00?text=nihil',491.50,621.80,NULL,0.00,0,'active',NULL,'2025-01-10 14:23:32','2025-01-10 14:23:32'),(35,6,12,'rerum facere ipsum','rerum-facere-ipsum','Labore sint incidunt et at et eius quaerat commodi aut molestias aliquid sit exercitationem sit.','https://via.placeholder.com/600x600.png/00dd99?text=harum',371.90,964.30,NULL,0.00,1,'active',NULL,'2025-01-10 14:23:32','2025-01-10 14:23:32'),(36,12,2,'quia officiis provident','quia-officiis-provident','Veniam ipsum minus voluptas voluptatum sapiente et suscipit ipsam incidunt consequatur sed incidunt similique non optio et culpa dolorem.','https://via.placeholder.com/600x600.png/002211?text=sit',175.60,532.20,NULL,0.00,0,'active',NULL,'2025-01-10 14:23:32','2025-01-10 14:23:32'),(37,10,16,'recusandae debitis sed','recusandae-debitis-sed','Non vitae libero voluptates vero quam quas accusantium dolor quos illo eveniet tempore voluptas eveniet reiciendis voluptatem explicabo possimus.','https://via.placeholder.com/600x600.png/009911?text=libero',376.20,556.10,NULL,0.00,0,'active',NULL,'2025-01-10 14:23:32','2025-01-10 14:23:32'),(38,12,4,'veniam hic at','veniam-hic-at','Vero vero sed non veniam voluptatibus eum ratione voluptatem voluptatem.','https://via.placeholder.com/600x600.png/008866?text=nihil',281.40,819.60,NULL,0.00,1,'active',NULL,'2025-01-10 14:23:32','2025-01-10 14:23:32'),(39,10,5,'et veniam natus','et-veniam-natus','Aut qui alias quia aut non tempore qui placeat dolor mollitia laborum est quia sit omnis ut eius est.','https://via.placeholder.com/600x600.png/003344?text=consequatur',77.90,536.50,NULL,0.00,1,'active',NULL,'2025-01-10 14:23:32','2025-01-10 14:23:32'),(40,15,5,'consectetur quaerat quia','consectetur-quaerat-quia','Ea magnam voluptas tempore dolorum natus perspiciatis vero accusamus quidem deserunt maxime rem dolorem ad.','https://via.placeholder.com/600x600.png/0066aa?text=nisi',111.00,876.40,NULL,0.00,1,'active',NULL,'2025-01-10 14:23:32','2025-01-10 14:23:32'),(41,10,20,'molestias perferendis modi','molestias-perferendis-modi','Nihil voluptatibus numquam qui magnam sit quia consequatur necessitatibus architecto autem rem nihil quo ut quis dolorem quos illum amet non.','https://via.placeholder.com/600x600.png/003344?text=molestiae',178.10,510.60,NULL,0.00,1,'active',NULL,'2025-01-10 14:23:32','2025-01-10 14:23:32'),(42,10,3,'facilis alias quia','facilis-alias-quia','Quos quia porro modi enim provident non eius quo qui.','https://via.placeholder.com/600x600.png/0033bb?text=et',308.10,724.30,NULL,0.00,1,'active',NULL,'2025-01-10 14:23:32','2025-01-10 14:23:32'),(43,16,13,'vel nulla velit','vel-nulla-velit','Quas sed accusamus vel velit id at aperiam cum voluptas cupiditate et ut distinctio exercitationem perferendis eos modi.','https://via.placeholder.com/600x600.png/0044cc?text=illum',460.40,610.10,NULL,0.00,0,'active',NULL,'2025-01-10 14:23:32','2025-01-10 14:23:32'),(44,18,10,'voluptas minima cupiditate','voluptas-minima-cupiditate','Cum non illum laudantium dolores qui maxime placeat nemo atque.','https://via.placeholder.com/600x600.png/00eeaa?text=ipsam',497.50,977.10,NULL,0.00,1,'active',NULL,'2025-01-10 14:23:32','2025-01-10 14:23:32'),(45,16,13,'et neque aliquam','et-neque-aliquam','Quam corporis ut nostrum excepturi quis laborum dolores ipsa vero impedit.','https://via.placeholder.com/600x600.png/002222?text=ea',43.80,930.10,NULL,0.00,1,'active',NULL,'2025-01-10 14:23:32','2025-01-10 14:23:32'),(46,6,6,'voluptas tempora possimus','voluptas-tempora-possimus','Velit quod incidunt sint quo fugit et ut laudantium sit et adipisci eveniet beatae aspernatur consequatur temporibus est et.','https://via.placeholder.com/600x600.png/008877?text=eligendi',276.10,799.60,NULL,0.00,0,'active',NULL,'2025-01-10 14:23:32','2025-01-10 14:23:32'),(47,8,19,'quod doloribus optio','quod-doloribus-optio','Quia incidunt quibusdam sequi rerum a et illo saepe iusto.','https://via.placeholder.com/600x600.png/008822?text=eaque',212.60,692.00,NULL,0.00,0,'active',NULL,'2025-01-10 14:23:32','2025-01-10 14:23:32'),(48,11,20,'illo sit qui','illo-sit-qui','Ullam officiis asperiores qui reiciendis qui ipsa et fuga qui eos et nesciunt dolore est nam.','https://via.placeholder.com/600x600.png/00aa55?text=sit',328.90,821.60,NULL,0.00,0,'active',NULL,'2025-01-10 14:23:32','2025-01-10 14:23:32'),(49,16,8,'quia qui ratione','quia-qui-ratione','Alias repellat cumque qui repellendus alias deleniti quisquam aut molestias et a quis ratione odio rem molestias magni nobis.','https://via.placeholder.com/600x600.png/004400?text=aut',67.90,692.80,NULL,0.00,1,'active',NULL,'2025-01-10 14:23:32','2025-01-10 14:23:32'),(50,1,13,'omnis quo est','omnis-quo-est','Sed quia dolor ea inventore aut ut et doloribus ullam provident eligendi eius eos saepe iste fuga est quis.','https://via.placeholder.com/600x600.png/00cc55?text=voluptatem',443.40,534.90,NULL,0.00,1,'active',NULL,'2025-01-10 14:23:32','2025-01-10 14:23:32'),(51,4,3,'sunt et necessitatibus','sunt-et-necessitatibus','Sed dolor voluptate tenetur maxime voluptatum eius debitis sit atque quae necessitatibus eius et dolorem consequatur enim consequatur et omnis.','https://via.placeholder.com/600x600.png/0033cc?text=sapiente',113.90,570.10,NULL,0.00,1,'active',NULL,'2025-01-10 14:23:32','2025-01-10 14:23:32'),(52,2,20,'ullam molestias molestiae','ullam-molestias-molestiae','Maiores omnis aut et et delectus qui in labore ab.','https://via.placeholder.com/600x600.png/00eebb?text=dolorem',293.60,694.40,NULL,0.00,1,'active',NULL,'2025-01-10 14:23:32','2025-01-10 14:23:32'),(53,5,17,'incidunt sint consequatur','incidunt-sint-consequatur','Sequi ut nam libero illum sit debitis nisi enim repellat dolore et praesentium magni.','https://via.placeholder.com/600x600.png/007722?text=quod',303.20,892.20,NULL,0.00,0,'active',NULL,'2025-01-10 14:23:32','2025-01-10 14:23:32'),(54,18,19,'unde nostrum magni','unde-nostrum-magni','Maiores laborum non aut dolor amet molestias tempore voluptatem alias dolore unde assumenda enim quas molestiae pariatur et.','https://via.placeholder.com/600x600.png/006688?text=quos',42.80,602.80,NULL,0.00,0,'active',NULL,'2025-01-10 14:23:32','2025-01-10 14:23:32'),(55,19,12,'expedita vero et','expedita-vero-et','Dolorum omnis ex ipsam qui deserunt quisquam in aut omnis accusantium ipsam fugiat voluptate et architecto unde soluta molestias sint est in.','https://via.placeholder.com/600x600.png/00ee44?text=libero',464.20,996.70,NULL,0.00,0,'active',NULL,'2025-01-10 14:23:32','2025-01-10 14:23:32'),(56,6,15,'laboriosam sed rerum','laboriosam-sed-rerum','Totam quidem tempora possimus voluptas ipsa sed culpa inventore fugit saepe cum tempora.','https://via.placeholder.com/600x600.png/0077bb?text=quam',269.30,735.20,NULL,0.00,0,'active',NULL,'2025-01-10 14:23:32','2025-01-10 14:23:32'),(57,4,18,'eligendi inventore doloremque','eligendi-inventore-doloremque','Eos suscipit eligendi debitis praesentium voluptatem quo praesentium in rerum similique.','https://via.placeholder.com/600x600.png/002266?text=eius',84.70,792.40,NULL,0.00,1,'active',NULL,'2025-01-10 14:23:32','2025-01-10 14:23:32'),(58,6,14,'eum quia magni','eum-quia-magni','Modi voluptate unde expedita quia quas temporibus qui repellat modi reprehenderit.','https://via.placeholder.com/600x600.png/0055ff?text=in',93.40,803.10,NULL,0.00,0,'active',NULL,'2025-01-10 14:23:32','2025-01-10 14:23:32'),(59,16,3,'quia voluptatem aut','quia-voluptatem-aut','Porro fugiat eos adipisci doloribus aut fugiat aliquid quisquam eos incidunt tempore.','https://via.placeholder.com/600x600.png/008833?text=voluptate',315.10,998.70,NULL,0.00,0,'active',NULL,'2025-01-10 14:23:32','2025-01-10 14:23:32'),(60,20,4,'qui accusamus blanditiis','qui-accusamus-blanditiis','Provident dolor et iure architecto qui enim accusantium omnis est eum qui nam.','https://via.placeholder.com/600x600.png/00aa33?text=quidem',288.40,695.30,NULL,0.00,1,'active',NULL,'2025-01-10 14:23:32','2025-01-10 14:23:32'),(61,11,10,'quam recusandae dolore','quam-recusandae-dolore','Cupiditate earum eveniet sapiente eum voluptatem dolor rerum eveniet nam quos minima perspiciatis.','https://via.placeholder.com/600x600.png/00ff11?text=illo',91.60,955.10,NULL,0.00,0,'active',NULL,'2025-01-10 14:23:32','2025-01-10 14:23:32'),(62,4,5,'est doloremque sapiente','est-doloremque-sapiente','Eos quidem suscipit et porro sit corporis rem fugit aliquam exercitationem est dolore ad.','https://via.placeholder.com/600x600.png/0044cc?text=alias',59.80,966.90,NULL,0.00,0,'active',NULL,'2025-01-10 14:23:32','2025-01-10 14:23:32'),(63,19,8,'sapiente perspiciatis occaecati','sapiente-perspiciatis-occaecati','Voluptatem unde fugit dolores placeat vitae quaerat aut aut ea officia a consectetur enim iste suscipit est assumenda.','https://via.placeholder.com/600x600.png/000066?text=quia',436.50,519.40,NULL,0.00,0,'active',NULL,'2025-01-10 14:23:32','2025-01-10 14:23:32'),(64,10,11,'omnis dolorem ea','omnis-dolorem-ea','Autem sit animi suscipit repellat aspernatur velit reiciendis sequi laborum.','https://via.placeholder.com/600x600.png/009900?text=consequatur',16.80,893.50,NULL,0.00,0,'active',NULL,'2025-01-10 14:23:32','2025-01-10 14:23:32'),(65,8,6,'sunt sunt eos','sunt-sunt-eos','Voluptatem delectus mollitia nulla est architecto et ullam architecto cupiditate omnis at dolor delectus vel beatae quia assumenda.','https://via.placeholder.com/600x600.png/002266?text=enim',398.20,975.50,NULL,0.00,0,'active',NULL,'2025-01-10 14:23:32','2025-01-10 14:23:32'),(66,5,11,'suscipit sit placeat','suscipit-sit-placeat','Sed explicabo beatae illo rerum beatae eaque assumenda nobis ea in.','https://via.placeholder.com/600x600.png/00cc33?text=et',234.70,931.40,NULL,0.00,1,'active',NULL,'2025-01-10 14:23:32','2025-01-10 14:23:32'),(67,11,17,'omnis quia et','omnis-quia-et','Nihil impedit aut labore dolorem voluptas sint sunt optio et rerum.','https://via.placeholder.com/600x600.png/0099dd?text=sit',103.40,948.70,NULL,0.00,0,'active',NULL,'2025-01-10 14:23:32','2025-01-10 14:23:32'),(68,19,7,'sunt quidem quo','sunt-quidem-quo','Aut aut voluptas iusto corrupti facere sed quaerat dolores eum officiis sunt dolor qui consequatur similique distinctio.','https://via.placeholder.com/600x600.png/004422?text=rerum',294.90,750.30,NULL,0.00,0,'active',NULL,'2025-01-10 14:23:32','2025-01-10 14:23:32'),(69,16,20,'molestiae sed iste','molestiae-sed-iste','Ut quos repellendus et eos perspiciatis sunt odit voluptatem illo veniam culpa a.','https://via.placeholder.com/600x600.png/0066bb?text=doloremque',340.20,756.60,NULL,0.00,0,'active',NULL,'2025-01-10 14:23:32','2025-01-10 14:23:32'),(70,18,11,'eos minus voluptatem','eos-minus-voluptatem','Facilis temporibus ut blanditiis autem assumenda et sunt consequatur occaecati qui repudiandae animi voluptas.','https://via.placeholder.com/600x600.png/0077aa?text=cupiditate',325.10,931.10,NULL,0.00,1,'active',NULL,'2025-01-10 14:23:32','2025-01-10 14:23:32'),(71,7,10,'eum dolor iure','eum-dolor-iure','Sunt et rerum labore non eaque molestiae provident quam perferendis tempora aliquid architecto iure a aliquam consectetur voluptatibus ratione.','https://via.placeholder.com/600x600.png/0044cc?text=porro',274.80,538.20,NULL,0.00,1,'active',NULL,'2025-01-10 14:23:32','2025-01-10 14:23:32'),(72,7,12,'sint pariatur et','sint-pariatur-et','Iusto facilis quisquam assumenda labore aut eum labore pariatur dolorem.','https://via.placeholder.com/600x600.png/006644?text=est',435.10,702.60,NULL,0.00,1,'active',NULL,'2025-01-10 14:23:32','2025-01-10 14:23:32'),(73,14,14,'nobis excepturi tenetur','nobis-excepturi-tenetur','Veniam qui molestiae veniam aperiam eaque excepturi expedita ipsa iure aut.','https://via.placeholder.com/600x600.png/0077cc?text=eveniet',13.10,575.50,NULL,0.00,1,'active',NULL,'2025-01-10 14:23:32','2025-01-10 14:23:32'),(74,7,3,'illum laboriosam occaecati','illum-laboriosam-occaecati','Quae voluptate saepe odit id sed sint voluptatibus omnis velit.','https://via.placeholder.com/600x600.png/007755?text=et',88.50,672.90,NULL,0.00,1,'active',NULL,'2025-01-10 14:23:32','2025-01-10 14:23:32'),(75,8,17,'nobis temporibus qui','nobis-temporibus-qui','Debitis quos sequi ex iure recusandae eos in maxime ut est iusto voluptatem voluptatem culpa at iure dignissimos id.','https://via.placeholder.com/600x600.png/004455?text=aut',40.00,843.90,NULL,0.00,0,'active',NULL,'2025-01-10 14:23:32','2025-01-10 14:23:32'),(76,1,19,'reprehenderit esse mollitia','reprehenderit-esse-mollitia','Nam optio veniam culpa culpa architecto voluptatem sed autem repellat.','https://via.placeholder.com/600x600.png/007755?text=fuga',54.40,560.20,NULL,0.00,0,'active',NULL,'2025-01-10 14:23:32','2025-01-10 14:23:32'),(77,20,2,'a id molestias','a-id-molestias','Accusamus magni non expedita et harum nisi quasi unde culpa dolores sed soluta.','https://via.placeholder.com/600x600.png/00bb66?text=quisquam',254.40,736.90,NULL,0.00,0,'active',NULL,'2025-01-10 14:23:32','2025-01-10 14:23:32'),(78,11,7,'exercitationem qui officiis','exercitationem-qui-officiis','Fugit necessitatibus voluptate adipisci et illo odit quis consequuntur quam et iure.','https://via.placeholder.com/600x600.png/004488?text=minima',212.80,991.10,NULL,0.00,0,'active',NULL,'2025-01-10 14:23:32','2025-01-10 14:23:32'),(79,4,14,'quo explicabo quia','quo-explicabo-quia','Dignissimos iure id aliquid repellendus dolorem voluptatem a consequatur consequuntur fugiat labore accusantium aut qui.','https://via.placeholder.com/600x600.png/004477?text=neque',112.00,638.60,NULL,0.00,1,'active',NULL,'2025-01-10 14:23:32','2025-01-10 14:23:32'),(80,7,17,'ullam voluptatem maiores','ullam-voluptatem-maiores','Quia voluptate qui quis dolorem quia alias quisquam debitis eum sapiente distinctio et fugiat vitae eligendi nihil error.','https://via.placeholder.com/600x600.png/002244?text=praesentium',142.10,682.40,NULL,0.00,1,'active',NULL,'2025-01-10 14:23:32','2025-01-10 14:23:32'),(81,13,8,'sit et facilis','sit-et-facilis','Et odio voluptas dolores qui odit voluptatem illum error ut perspiciatis in non et voluptate ipsam autem vel ut cumque.','https://via.placeholder.com/600x600.png/005588?text=est',128.00,711.10,NULL,0.00,1,'active',NULL,'2025-01-10 14:23:32','2025-01-10 14:23:32'),(82,15,19,'quis atque et','quis-atque-et','Nihil sapiente laudantium reprehenderit reiciendis pariatur tempora et aut temporibus cumque nemo temporibus non perferendis sit voluptatibus soluta ut doloremque sit.','https://via.placeholder.com/600x600.png/00ffaa?text=qui',463.90,635.40,NULL,0.00,0,'active',NULL,'2025-01-10 14:23:32','2025-01-10 14:23:32'),(83,13,7,'eligendi hic eius','eligendi-hic-eius','Perspiciatis laudantium labore nesciunt omnis ut et blanditiis nesciunt non adipisci et tempora eos quisquam omnis.','https://via.placeholder.com/600x600.png/0022bb?text=nisi',353.60,981.40,NULL,0.00,1,'active',NULL,'2025-01-10 14:23:32','2025-01-10 14:23:32'),(84,11,19,'consequatur est nam','consequatur-est-nam','Est molestias eos debitis quibusdam commodi saepe harum natus velit hic omnis quo rerum non nam deleniti dolor veniam impedit quis.','https://via.placeholder.com/600x600.png/00bb11?text=tenetur',41.20,952.40,NULL,0.00,1,'active',NULL,'2025-01-10 14:23:32','2025-01-10 14:23:32'),(85,11,5,'saepe voluptatem qui','saepe-voluptatem-qui','Inventore et dolores perspiciatis sunt accusantium et doloremque et hic veniam omnis quia a quo.','https://via.placeholder.com/600x600.png/00dd11?text=placeat',312.90,761.20,NULL,0.00,0,'active',NULL,'2025-01-10 14:23:32','2025-01-10 14:23:32'),(86,8,8,'voluptatum non rerum','voluptatum-non-rerum','Sequi iure et pariatur corporis ipsam distinctio iure blanditiis impedit autem tempora quidem qui illum ipsam ut mollitia accusamus quis.','https://via.placeholder.com/600x600.png/0088ee?text=quo',328.60,635.50,NULL,0.00,1,'active',NULL,'2025-01-10 14:23:32','2025-01-10 14:23:32'),(87,6,19,'facilis consequatur a','facilis-consequatur-a','Ipsam rerum enim sed non aut dolor dolores commodi maiores.','https://via.placeholder.com/600x600.png/0077aa?text=animi',324.30,649.90,NULL,0.00,1,'active',NULL,'2025-01-10 14:23:32','2025-01-10 14:23:32'),(88,13,9,'quis reiciendis soluta','quis-reiciendis-soluta','Totam sunt rerum voluptate aspernatur magnam sit mollitia alias dignissimos accusamus vitae qui ex quia quas velit pariatur eos delectus.','https://via.placeholder.com/600x600.png/001177?text=sint',129.40,572.10,NULL,0.00,1,'active',NULL,'2025-01-10 14:23:32','2025-01-10 14:23:32'),(89,13,9,'et natus voluptatem','et-natus-voluptatem','Labore quis et officiis ab magnam expedita totam corporis velit qui vero officia aut est laborum quidem.','https://via.placeholder.com/600x600.png/00aaee?text=quasi',74.10,854.10,NULL,0.00,1,'active',NULL,'2025-01-10 14:23:32','2025-01-10 14:23:32'),(90,18,11,'veniam quaerat numquam','veniam-quaerat-numquam','Ullam deleniti molestias ut aperiam rerum quidem error veritatis odit est facilis.','https://via.placeholder.com/600x600.png/0000dd?text=consequuntur',219.60,717.50,NULL,0.00,1,'active',NULL,'2025-01-10 14:23:32','2025-01-10 14:23:32'),(91,4,2,'quaerat voluptatum placeat','quaerat-voluptatum-placeat','Error reprehenderit nisi magnam qui in nemo rerum amet sit debitis qui quo.','https://via.placeholder.com/600x600.png/004444?text=est',482.20,897.50,NULL,0.00,1,'active',NULL,'2025-01-10 14:23:32','2025-01-10 14:23:32'),(92,4,4,'dolores reprehenderit quod','dolores-reprehenderit-quod','Placeat sit dolorum molestiae enim veritatis deserunt eos quibusdam ut molestias libero enim deleniti nihil soluta.','https://via.placeholder.com/600x600.png/0088bb?text=voluptates',391.20,837.10,NULL,0.00,1,'active',NULL,'2025-01-10 14:23:32','2025-01-10 14:23:32'),(93,1,15,'quia consequatur rerum','quia-consequatur-rerum','Facere dolores enim est voluptas cum non officia facilis quisquam ut amet quo impedit.','https://via.placeholder.com/600x600.png/0044bb?text=dolores',258.00,647.80,NULL,0.00,1,'active',NULL,'2025-01-10 14:23:32','2025-01-10 14:23:32'),(94,10,15,'ut nihil accusantium','ut-nihil-accusantium','Corrupti et dolore deserunt cumque totam neque eius consequatur ex quasi iure.','https://via.placeholder.com/600x600.png/00dd88?text=a',105.80,995.40,NULL,0.00,1,'active',NULL,'2025-01-10 14:23:32','2025-01-10 14:23:32'),(95,4,16,'autem optio in','autem-optio-in','Dolore culpa provident sit ea sunt perspiciatis incidunt consequatur consequatur cupiditate.','https://via.placeholder.com/600x600.png/00dd66?text=quam',419.90,650.20,NULL,0.00,0,'active',NULL,'2025-01-10 14:23:32','2025-01-10 14:23:32'),(96,10,10,'id quam blanditiis','id-quam-blanditiis','Praesentium eligendi eum architecto tempore repellendus minus qui ut saepe maiores saepe ipsum et sunt et adipisci vel.','https://via.placeholder.com/600x600.png/0033bb?text=quisquam',24.80,835.90,NULL,0.00,1,'active',NULL,'2025-01-10 14:23:32','2025-01-10 14:23:32'),(97,6,2,'voluptas dolor eligendi','voluptas-dolor-eligendi','Ea delectus officia et officia ex commodi dolor omnis blanditiis mollitia error rerum dolorem quae.','https://via.placeholder.com/600x600.png/0088dd?text=dolore',226.30,625.40,NULL,0.00,0,'active',NULL,'2025-01-10 14:23:32','2025-01-10 14:23:32'),(98,18,20,'eligendi quaerat eveniet','eligendi-quaerat-eveniet','Aliquid placeat quae sunt quia dolorem debitis unde fugiat et.','https://via.placeholder.com/600x600.png/0000ff?text=sit',252.20,524.70,NULL,0.00,1,'active',NULL,'2025-01-10 14:23:32','2025-01-10 14:23:32'),(99,4,13,'nemo quod aliquam','nemo-quod-aliquam','Quia quia rerum quis voluptatem commodi quod autem est quidem numquam.','https://via.placeholder.com/600x600.png/00aa22?text=autem',30.20,857.70,NULL,0.00,1,'active',NULL,'2025-01-10 14:23:32','2025-01-10 14:23:32'),(100,17,7,'nobis commodi est','nobis-commodi-est','Consequatur perferendis nihil rerum doloribus omnis voluptatem maiores veniam quos animi iste illum quo.','https://via.placeholder.com/600x600.png/0044cc?text=itaque',61.10,543.80,NULL,0.00,1,'active',NULL,'2025-01-10 14:23:32','2025-01-10 14:23:32'),(101,15,13,'excepturi quasi dolorum','excepturi-quasi-dolorum','Ut eos sed reiciendis tempore assumenda sapiente temporibus animi iusto aut impedit quia animi.','https://via.placeholder.com/600x600.png/00bb77?text=ut',498.10,877.20,NULL,0.00,0,'active',NULL,'2025-01-10 14:23:32','2025-01-10 14:23:32'),(102,20,2,'natus blanditiis eaque','natus-blanditiis-eaque','Voluptas sunt non accusamus sed ut necessitatibus ratione sed magni nesciunt distinctio perspiciatis qui dolorem id.','https://via.placeholder.com/600x600.png/00eeee?text=enim',286.30,812.60,NULL,0.00,0,'active',NULL,'2025-01-10 14:23:32','2025-01-10 14:23:32'),(103,5,8,'ullam nulla neque','ullam-nulla-neque','Praesentium pariatur et quia quia error veritatis maiores voluptas qui aspernatur quos.','https://via.placeholder.com/600x600.png/00ddff?text=est',44.10,845.80,NULL,0.00,0,'active',NULL,'2025-01-10 14:23:32','2025-01-10 14:23:32'),(104,8,11,'non officia temporibus','non-officia-temporibus','Aut harum labore sit aut aut animi cupiditate et tenetur ex temporibus sit quibusdam architecto in rem nihil qui sit.','https://via.placeholder.com/600x600.png/009955?text=vitae',280.50,695.60,NULL,0.00,0,'active',NULL,'2025-01-10 14:23:32','2025-01-10 14:23:32'),(105,15,14,'est a placeat','est-a-placeat','Aut voluptas minima veniam qui quas numquam impedit rerum enim blanditiis.','https://via.placeholder.com/600x600.png/0000bb?text=eius',262.60,523.70,NULL,0.00,1,'active',NULL,'2025-01-10 14:23:32','2025-01-10 14:23:32'),(106,2,13,'qui aliquid eius','qui-aliquid-eius','Minus et amet iste temporibus ea qui doloremque accusamus consequatur modi ab sequi numquam vero velit et minus aut quis commodi.','https://via.placeholder.com/600x600.png/008888?text=quia',381.10,655.00,NULL,0.00,1,'active',NULL,'2025-01-10 14:23:32','2025-01-10 14:23:32'),(107,12,17,'quisquam illo accusantium','quisquam-illo-accusantium','Provident aut itaque pariatur a eaque sed molestiae est quia in est dolores et.','https://via.placeholder.com/600x600.png/00eedd?text=deserunt',4.30,546.30,NULL,0.00,0,'active',NULL,'2025-01-10 14:23:32','2025-01-10 14:23:32'),(108,10,9,'non sint et','non-sint-et','Nihil ut eveniet id quia velit consectetur quod nostrum occaecati eligendi.','https://via.placeholder.com/600x600.png/00cc11?text=esse',185.60,806.70,NULL,0.00,0,'active',NULL,'2025-01-10 14:23:32','2025-01-10 14:23:32'),(109,11,16,'laudantium id iure','laudantium-id-iure','In occaecati molestiae aliquid officiis ea minus consequatur consequatur est ea accusantium aspernatur corrupti omnis.','https://via.placeholder.com/600x600.png/00bbdd?text=ut',252.80,695.70,NULL,0.00,1,'active',NULL,'2025-01-10 14:23:32','2025-01-10 14:23:32'),(110,7,20,'dolores deleniti est','dolores-deleniti-est','Reiciendis suscipit minus velit eveniet deleniti voluptatem qui dignissimos voluptates consectetur dolor a sunt a aspernatur minima est quis.','https://via.placeholder.com/600x600.png/0099ff?text=quo',462.30,975.10,NULL,0.00,1,'active',NULL,'2025-01-10 14:23:32','2025-01-10 14:23:32'),(111,8,7,'eius sed provident','eius-sed-provident','Expedita molestiae sunt eum perspiciatis aut officiis est neque quia commodi illo officiis nobis fuga dolorem quis.','https://via.placeholder.com/600x600.png/00ffbb?text=libero',208.90,905.30,NULL,0.00,1,'active',NULL,'2025-01-10 14:23:32','2025-01-10 14:23:32'),(112,9,7,'ut quidem aut','ut-quidem-aut','Laborum unde magni molestiae explicabo dignissimos commodi at asperiores quae et voluptatem voluptatem officia temporibus eum.','https://via.placeholder.com/600x600.png/0022dd?text=deleniti',378.10,629.80,NULL,0.00,0,'active',NULL,'2025-01-10 14:23:32','2025-01-10 14:23:32'),(113,8,2,'distinctio aperiam fuga','distinctio-aperiam-fuga','Rerum qui occaecati temporibus dolorem sequi cupiditate enim provident dolor.','https://via.placeholder.com/600x600.png/00eeff?text=vel',104.20,664.60,NULL,0.00,0,'active',NULL,'2025-01-10 14:23:32','2025-01-10 14:23:32'),(114,7,7,'cumque voluptas rem','cumque-voluptas-rem','Blanditiis asperiores consequatur nihil sapiente omnis facere dolorem ducimus aperiam qui autem ipsam vel recusandae.','https://via.placeholder.com/600x600.png/00bb44?text=iure',385.60,718.30,NULL,0.00,0,'active',NULL,'2025-01-10 14:23:32','2025-01-10 14:23:32'),(115,12,13,'voluptas rem facilis','voluptas-rem-facilis','Unde minima placeat atque temporibus id voluptatum natus est in.','https://via.placeholder.com/600x600.png/00bb33?text=vel',135.40,704.30,NULL,0.00,1,'active',NULL,'2025-01-10 14:23:32','2025-01-10 14:23:32'),(116,12,11,'dolor sint dolor','dolor-sint-dolor','Voluptate quia beatae cupiditate reiciendis debitis eum necessitatibus quia harum porro officia reprehenderit maxime quaerat aspernatur deleniti quis.','https://via.placeholder.com/600x600.png/0022ee?text=voluptatem',43.80,728.60,NULL,0.00,1,'active',NULL,'2025-01-10 14:23:32','2025-01-10 14:23:32'),(117,15,6,'eum consequuntur velit','eum-consequuntur-velit','Est ducimus error perspiciatis quidem officiis optio qui omnis molestias necessitatibus illo.','https://via.placeholder.com/600x600.png/0011aa?text=cum',306.00,806.70,NULL,0.00,1,'active',NULL,'2025-01-10 14:23:32','2025-01-10 14:23:32'),(118,3,8,'et autem id','et-autem-id','Asperiores et fugiat et delectus corporis repudiandae qui blanditiis nihil ipsam molestiae aspernatur qui velit quod quidem quia.','https://via.placeholder.com/600x600.png/00aabb?text=quod',396.40,736.00,NULL,0.00,0,'active',NULL,'2025-01-10 14:23:32','2025-01-10 14:23:32'),(119,13,18,'laboriosam voluptate laudantium','laboriosam-voluptate-laudantium','Aut vel provident est rerum veritatis odit et alias omnis aut nostrum expedita non eligendi blanditiis commodi.','https://via.placeholder.com/600x600.png/0000ff?text=dolorum',55.70,917.40,NULL,0.00,0,'active',NULL,'2025-01-10 14:23:32','2025-01-10 14:23:32'),(120,19,8,'debitis tenetur ut','debitis-tenetur-ut','Et omnis aspernatur officiis necessitatibus tempore ut nobis asperiores id deserunt quo magnam recusandae.','https://via.placeholder.com/600x600.png/0055ff?text=quia',319.60,624.20,NULL,0.00,0,'active',NULL,'2025-01-10 14:23:32','2025-01-10 14:23:32'),(121,1,7,'nihil odit nostrum','nihil-odit-nostrum','Veniam quia odit in ea dignissimos molestias voluptatem dolores suscipit maxime dicta officiis delectus culpa nihil sit blanditiis voluptas inventore.','https://via.placeholder.com/600x600.png/00ff99?text=aut',456.90,882.30,NULL,0.00,0,'active',NULL,'2025-01-10 14:23:32','2025-01-10 14:23:32'),(122,5,2,'laborum neque voluptatum','laborum-neque-voluptatum','Nihil et excepturi eum provident sit facere aut odio id voluptatibus eum ipsa at asperiores harum.','https://via.placeholder.com/600x600.png/00dd99?text=et',395.50,568.30,NULL,0.00,0,'active',NULL,'2025-01-10 14:23:32','2025-01-10 14:23:32'),(123,13,6,'quos laboriosam commodi','quos-laboriosam-commodi','Ut libero quibusdam eos nam laudantium voluptates quod quia consectetur quidem sequi omnis illo repellat qui quo qui temporibus deleniti nam.','https://via.placeholder.com/600x600.png/00aa33?text=dolorem',303.50,662.00,NULL,0.00,0,'active',NULL,'2025-01-10 14:23:32','2025-01-10 14:23:32'),(124,18,15,'autem aliquam nulla','autem-aliquam-nulla','Nobis nihil soluta ipsa dolorum eum nisi quo reiciendis omnis dolorem quaerat ut eum ut alias ut itaque enim et.','https://via.placeholder.com/600x600.png/00dd55?text=vel',58.40,965.50,NULL,0.00,0,'active',NULL,'2025-01-10 14:23:32','2025-01-10 14:23:32'),(125,12,8,'molestiae necessitatibus quia','molestiae-necessitatibus-quia','Qui ipsa ut accusamus corrupti omnis facilis omnis ut dignissimos et.','https://via.placeholder.com/600x600.png/00ee99?text=molestias',11.10,533.50,NULL,0.00,0,'active',NULL,'2025-01-10 14:23:32','2025-01-10 14:23:32'),(126,12,7,'occaecati officiis aut','occaecati-officiis-aut','Ad earum repellat quis veritatis est et ut blanditiis blanditiis quis similique et alias magni praesentium ullam dolorum.','https://via.placeholder.com/600x600.png/0088bb?text=officia',44.70,938.30,NULL,0.00,0,'active',NULL,'2025-01-10 14:23:32','2025-01-10 14:23:32'),(127,14,6,'ad odio eos','ad-odio-eos','Eum et aperiam rem enim dolorum neque quo minima consequuntur itaque ut quis.','https://via.placeholder.com/600x600.png/002244?text=velit',218.70,860.80,NULL,0.00,1,'active',NULL,'2025-01-10 14:23:32','2025-01-10 14:23:32'),(128,6,15,'quia voluptates suscipit','quia-voluptates-suscipit','Officiis architecto ad dolores dolorem maiores inventore id animi assumenda quaerat quae sunt tenetur nulla vel blanditiis.','https://via.placeholder.com/600x600.png/00dd66?text=occaecati',78.70,537.70,NULL,0.00,0,'active',NULL,'2025-01-10 14:23:32','2025-01-10 14:23:32'),(129,8,7,'vel sapiente quia','vel-sapiente-quia','Dolores tempora minima enim sit quis dolores quasi commodi consequatur veniam occaecati excepturi ut perferendis et praesentium ut qui aut.','https://via.placeholder.com/600x600.png/0044dd?text=eum',318.60,551.20,NULL,0.00,1,'active',NULL,'2025-01-10 14:23:32','2025-01-10 14:23:32'),(130,10,16,'possimus sit eveniet','possimus-sit-eveniet','Commodi alias distinctio qui quia iure fugiat qui aut laudantium tempore.','https://via.placeholder.com/600x600.png/00ff00?text=eos',168.50,741.50,NULL,0.00,1,'active',NULL,'2025-01-10 14:23:32','2025-01-10 14:23:32'),(131,10,15,'ut delectus impedit','ut-delectus-impedit','Quis labore quia et at nulla cupiditate eligendi et quod quo ut.','https://via.placeholder.com/600x600.png/00aa22?text=excepturi',223.90,756.80,NULL,0.00,1,'active',NULL,'2025-01-10 14:23:32','2025-01-10 14:23:32'),(132,11,5,'rerum explicabo rerum','rerum-explicabo-rerum','Est reiciendis ab rerum voluptas dolorem aut placeat harum ipsum.','https://via.placeholder.com/600x600.png/0088ff?text=dolorem',451.60,631.20,NULL,0.00,0,'active',NULL,'2025-01-10 14:23:32','2025-01-10 14:23:32'),(133,5,11,'doloremque adipisci adipisci','doloremque-adipisci-adipisci','Est consequatur vitae sit nesciunt laborum laboriosam beatae id harum dolor.','https://via.placeholder.com/600x600.png/00ffbb?text=aut',183.80,848.20,NULL,0.00,1,'active',NULL,'2025-01-10 14:23:32','2025-01-10 14:23:32'),(134,12,4,'minus voluptas repellat','minus-voluptas-repellat','Est dolores et nobis recusandae corporis voluptatem sit molestias hic fuga expedita reiciendis.','https://via.placeholder.com/600x600.png/00ccbb?text=explicabo',345.20,661.80,NULL,0.00,1,'active',NULL,'2025-01-10 14:23:32','2025-01-10 14:23:32'),(135,9,17,'nihil officia iusto','nihil-officia-iusto','Iste id dignissimos consectetur laboriosam et voluptas eveniet ea doloremque magni totam ipsum ea ea eius qui possimus quis ipsa dolorem.','https://via.placeholder.com/600x600.png/00ddee?text=quibusdam',98.00,783.00,NULL,0.00,1,'active',NULL,'2025-01-10 14:23:32','2025-01-10 14:23:32'),(136,17,4,'beatae voluptates id','beatae-voluptates-id','Veritatis ut sequi dolores fuga dicta quos adipisci nostrum veritatis corporis expedita repudiandae delectus nihil tenetur.','https://via.placeholder.com/600x600.png/0066cc?text=rerum',333.20,841.10,NULL,0.00,1,'active',NULL,'2025-01-10 14:23:32','2025-01-10 14:23:32'),(137,12,3,'sed ut impedit','sed-ut-impedit','Aut laborum tenetur omnis a omnis nulla et laudantium ut dignissimos consequatur non.','https://via.placeholder.com/600x600.png/006611?text=excepturi',281.40,712.00,NULL,0.00,0,'active',NULL,'2025-01-10 14:23:32','2025-01-10 14:23:32'),(138,12,13,'perferendis ab veritatis','perferendis-ab-veritatis','A mollitia quos et accusantium eos cumque quas pariatur ea consequatur in dolor dolor eum neque veritatis incidunt possimus et.','https://via.placeholder.com/600x600.png/0022cc?text=non',138.60,818.90,NULL,0.00,1,'active',NULL,'2025-01-10 14:23:32','2025-01-10 14:23:32'),(139,1,16,'cumque facere ratione','cumque-facere-ratione','Voluptatum perferendis commodi repudiandae praesentium sint corporis non ut et illo dignissimos eos qui qui voluptatem sed quam.','https://via.placeholder.com/600x600.png/002200?text=modi',373.10,621.40,NULL,0.00,0,'active',NULL,'2025-01-10 14:23:32','2025-01-10 14:23:32'),(140,14,7,'ipsam nesciunt sit','ipsam-nesciunt-sit','Accusantium eveniet quia et nam aliquam qui odio nam pariatur fugiat id est autem deserunt nemo.','https://via.placeholder.com/600x600.png/00dd55?text=qui',421.00,830.50,NULL,0.00,0,'active',NULL,'2025-01-10 14:23:32','2025-01-10 14:23:32'),(141,20,18,'qui qui ea','qui-qui-ea','Quis et dolore minus laudantium velit autem excepturi doloribus iure delectus sit aut praesentium maxime ut.','https://via.placeholder.com/600x600.png/00aa44?text=distinctio',158.70,500.40,NULL,0.00,1,'active',NULL,'2025-01-10 14:23:32','2025-01-10 14:23:32'),(142,17,1,'nam reiciendis quisquam','nam-reiciendis-quisquam','Aut maiores eos delectus aut rerum exercitationem ut ut et et et laudantium et incidunt dolor officia natus nihil iure.','https://via.placeholder.com/600x600.png/00aa33?text=corporis',33.70,841.80,NULL,0.00,1,'active',NULL,'2025-01-10 14:23:32','2025-01-10 14:23:32'),(143,17,17,'eius optio hic','eius-optio-hic','Aut perferendis dolore maiores et tempora saepe non unde harum enim.','https://via.placeholder.com/600x600.png/00bbbb?text=atque',144.20,606.10,NULL,0.00,1,'active',NULL,'2025-01-10 14:23:32','2025-01-10 14:23:32'),(144,10,6,'facere qui quod','facere-qui-quod','Et iste voluptatum ut et modi rerum ut non porro corrupti consectetur illum libero a aut.','https://via.placeholder.com/600x600.png/005511?text=saepe',469.60,945.60,NULL,0.00,1,'active',NULL,'2025-01-10 14:23:32','2025-01-10 14:23:32'),(145,7,4,'ut et quo','ut-et-quo','Et consequuntur iure omnis quo incidunt blanditiis maxime est qui omnis nostrum possimus dolorum voluptatem consequuntur non.','https://via.placeholder.com/600x600.png/005533?text=ea',273.50,647.50,NULL,0.00,0,'active',NULL,'2025-01-10 14:23:32','2025-01-10 14:23:32'),(146,14,18,'itaque rerum maxime','itaque-rerum-maxime','Laudantium modi ipsa autem error nam dolor nihil est vitae asperiores sapiente facilis dignissimos officiis beatae sapiente laborum temporibus ut inventore enim.','https://via.placeholder.com/600x600.png/00bb00?text=fugit',264.90,581.30,NULL,0.00,0,'active',NULL,'2025-01-10 14:23:32','2025-01-10 14:23:32'),(147,8,14,'sapiente temporibus ex','sapiente-temporibus-ex','Laudantium est facilis ut et rerum autem et ipsum tempore.','https://via.placeholder.com/600x600.png/006666?text=corporis',31.70,728.90,NULL,0.00,0,'active',NULL,'2025-01-10 14:23:32','2025-01-10 14:23:32'),(148,2,16,'et ratione ea','et-ratione-ea','Dignissimos quae modi quis consequuntur vitae maxime fuga ipsa laudantium rerum vitae et laborum cumque tenetur perspiciatis nisi saepe suscipit autem.','https://via.placeholder.com/600x600.png/00ff66?text=sit',374.00,785.00,NULL,0.00,0,'active',NULL,'2025-01-10 14:23:32','2025-01-10 14:23:32'),(149,8,1,'repudiandae eligendi aut','repudiandae-eligendi-aut','Quia ea provident nobis corporis magni consectetur nulla quisquam soluta error iusto sit velit dolorem qui expedita praesentium accusantium ab doloremque dolorem.','https://via.placeholder.com/600x600.png/004488?text=et',281.70,518.30,NULL,0.00,1,'active',NULL,'2025-01-10 14:23:32','2025-01-10 14:23:32'),(150,7,6,'accusantium cum dolore','accusantium-cum-dolore','Veniam veniam magni maiores facilis quo fugit quas placeat et sequi repellendus amet vero sapiente quas distinctio illum at.','https://via.placeholder.com/600x600.png/004444?text=cumque',311.30,826.90,NULL,0.00,0,'active',NULL,'2025-01-10 14:23:32','2025-01-10 14:23:32'),(151,11,15,'sequi voluptates amet','sequi-voluptates-amet','Voluptatem cumque vel autem amet voluptas nesciunt illo eveniet consequatur soluta.','https://via.placeholder.com/600x600.png/005599?text=voluptas',423.80,589.30,NULL,0.00,0,'active',NULL,'2025-01-10 14:23:32','2025-01-10 14:23:32'),(152,10,15,'ea aut perspiciatis','ea-aut-perspiciatis','Odit omnis ex minima corrupti ut alias iure asperiores debitis.','https://via.placeholder.com/600x600.png/00dd22?text=soluta',329.20,973.90,NULL,0.00,0,'active',NULL,'2025-01-10 14:23:32','2025-01-10 14:23:32'),(153,1,4,'ut ut cum','ut-ut-cum','Consequatur officia officia modi distinctio enim aut et fugiat voluptatibus voluptatem cupiditate minima.','https://via.placeholder.com/600x600.png/000055?text=sequi',479.90,698.90,NULL,0.00,0,'active',NULL,'2025-01-10 14:23:32','2025-01-10 14:23:32'),(154,4,5,'porro ut alias','porro-ut-alias','Ea perferendis exercitationem eaque autem officia laudantium est sit totam.','https://via.placeholder.com/600x600.png/00ddbb?text=non',33.80,813.20,NULL,0.00,0,'active',NULL,'2025-01-10 14:23:32','2025-01-10 14:23:32'),(155,5,10,'sapiente ea sed','sapiente-ea-sed','A ipsa iusto unde consequatur fugiat eum sint aut esse recusandae laudantium non quis quos nemo porro nihil.','https://via.placeholder.com/600x600.png/00dd55?text=delectus',166.00,633.30,NULL,0.00,0,'active',NULL,'2025-01-10 14:23:32','2025-01-10 14:23:32'),(156,9,2,'inventore facere asperiores','inventore-facere-asperiores','Libero sint tempora distinctio et omnis dolor aut qui numquam.','https://via.placeholder.com/600x600.png/00ee55?text=odit',5.20,536.30,NULL,0.00,1,'active',NULL,'2025-01-10 14:23:32','2025-01-10 14:23:32'),(157,20,19,'eaque optio ut','eaque-optio-ut','Sed optio et consequatur deleniti reiciendis in vero maxime pariatur.','https://via.placeholder.com/600x600.png/00aa66?text=adipisci',267.80,505.30,NULL,0.00,0,'active',NULL,'2025-01-10 14:23:32','2025-01-10 14:23:32'),(158,5,12,'voluptatem consequatur ratione','voluptatem-consequatur-ratione','Eum quis facilis quia fugit nesciunt voluptatibus sequi pariatur delectus cumque sunt occaecati ab rerum optio.','https://via.placeholder.com/600x600.png/005500?text=optio',15.70,527.70,NULL,0.00,1,'active',NULL,'2025-01-10 14:23:32','2025-01-10 14:23:32'),(159,10,15,'sit dolor et','sit-dolor-et','Blanditiis maxime beatae veritatis eligendi qui laborum eveniet incidunt eum.','https://via.placeholder.com/600x600.png/007722?text=et',54.20,866.20,NULL,0.00,1,'active',NULL,'2025-01-10 14:23:32','2025-01-10 14:23:32'),(160,14,18,'labore neque itaque','labore-neque-itaque','Voluptas et nostrum odit quidem dolores nemo occaecati ullam modi ex vel et quasi qui rem ut nostrum eaque quo explicabo temporibus.','https://via.placeholder.com/600x600.png/007700?text=praesentium',402.20,795.90,NULL,0.00,0,'active',NULL,'2025-01-10 14:23:32','2025-01-10 14:23:32'),(161,13,20,'odio qui consectetur','odio-qui-consectetur','Optio dicta quia et sint at voluptatem eos asperiores distinctio cupiditate explicabo.','https://via.placeholder.com/600x600.png/0033ee?text=eum',60.00,751.00,NULL,0.00,0,'active',NULL,'2025-01-10 14:23:32','2025-01-10 14:23:32'),(162,8,12,'magnam possimus quia','magnam-possimus-quia','Ullam distinctio nihil ut unde enim placeat ut non repellendus rerum est dolorem repellat molestiae ad aut dolorem ut dicta sit.','https://via.placeholder.com/600x600.png/004444?text=corrupti',416.50,662.60,NULL,0.00,0,'active',NULL,'2025-01-10 14:23:32','2025-01-10 14:23:32'),(163,5,18,'molestiae fugit veniam','molestiae-fugit-veniam','Sed occaecati debitis animi eius repellendus sequi accusantium voluptas animi eaque quasi minus aut.','https://via.placeholder.com/600x600.png/001122?text=repellat',348.00,690.70,NULL,0.00,0,'active',NULL,'2025-01-10 14:23:32','2025-01-10 14:23:32'),(164,13,19,'cupiditate recusandae ut','cupiditate-recusandae-ut','Quidem minima qui expedita quidem dolorem quidem iusto corporis reprehenderit.','https://via.placeholder.com/600x600.png/00eeee?text=fugiat',77.70,750.70,NULL,0.00,0,'active',NULL,'2025-01-10 14:23:32','2025-01-10 14:23:32'),(165,4,15,'vel unde deleniti','vel-unde-deleniti','Vitae magni asperiores quod voluptas aut consequatur autem ea quas voluptas dicta laudantium id delectus magnam et.','https://via.placeholder.com/600x600.png/000033?text=debitis',142.80,648.20,NULL,0.00,1,'active',NULL,'2025-01-10 14:23:32','2025-01-10 14:23:32'),(166,2,13,'placeat aut sed','placeat-aut-sed','Eaque eveniet sed odio quo eos blanditiis assumenda harum perferendis nemo qui.','https://via.placeholder.com/600x600.png/0055ee?text=molestias',409.20,580.80,NULL,0.00,1,'active',NULL,'2025-01-10 14:23:32','2025-01-10 14:23:32'),(167,16,11,'ut quis sint','ut-quis-sint','Expedita rem esse distinctio consectetur velit enim deleniti nemo omnis et repudiandae consequuntur dolor et.','https://via.placeholder.com/600x600.png/00cc55?text=occaecati',324.60,863.70,NULL,0.00,0,'active',NULL,'2025-01-10 14:23:32','2025-01-10 14:23:32'),(168,7,5,'veritatis saepe dolorem','veritatis-saepe-dolorem','Eum cum corrupti quo quia nam quis a magni eius non fugit.','https://via.placeholder.com/600x600.png/009955?text=vel',377.10,716.20,NULL,0.00,1,'active',NULL,'2025-01-10 14:23:32','2025-01-10 14:23:32'),(169,8,4,'tempore amet sed','tempore-amet-sed','Animi qui quae dignissimos excepturi assumenda officia molestiae repellat non ducimus aliquam sunt voluptas consequatur veritatis nihil nemo.','https://via.placeholder.com/600x600.png/006622?text=sed',196.20,604.40,NULL,0.00,0,'active',NULL,'2025-01-10 14:23:32','2025-01-10 14:23:32'),(170,11,10,'recusandae blanditiis possimus','recusandae-blanditiis-possimus','Ea occaecati qui amet culpa aspernatur cum quidem deserunt a repudiandae praesentium quis sapiente et aliquid quasi.','https://via.placeholder.com/600x600.png/00bb66?text=repellat',213.00,708.70,NULL,0.00,0,'active',NULL,'2025-01-10 14:23:32','2025-01-10 14:23:32'),(171,12,9,'aut et voluptas','aut-et-voluptas','Consectetur sint minus consequatur autem asperiores nulla dolorum quisquam enim iusto.','https://via.placeholder.com/600x600.png/00dd22?text=et',91.90,929.10,NULL,0.00,1,'active',NULL,'2025-01-10 14:23:32','2025-01-10 14:23:32'),(172,5,6,'sit necessitatibus sit','sit-necessitatibus-sit','Ad sapiente nisi autem tempore repellat suscipit et amet ex totam animi dolore accusamus omnis asperiores.','https://via.placeholder.com/600x600.png/005511?text=non',41.50,862.70,NULL,0.00,0,'active',NULL,'2025-01-10 14:23:32','2025-01-10 14:23:32'),(173,5,3,'id alias autem','id-alias-autem','Enim beatae ratione sunt sit eius nihil consequatur voluptatibus voluptatem in.','https://via.placeholder.com/600x600.png/00ddcc?text=soluta',457.20,907.00,NULL,0.00,0,'active',NULL,'2025-01-10 14:23:32','2025-01-10 14:23:32'),(174,20,16,'enim minus quia','enim-minus-quia','Doloremque et explicabo nulla reiciendis et exercitationem et ad velit sed et eveniet animi eligendi sed.','https://via.placeholder.com/600x600.png/00ff33?text=labore',142.50,862.80,NULL,0.00,0,'active',NULL,'2025-01-10 14:23:32','2025-01-10 14:23:32'),(175,12,3,'impedit cumque et','impedit-cumque-et','Soluta quo sunt tempora esse neque illo quo libero aut.','https://via.placeholder.com/600x600.png/00eeaa?text=vel',158.70,516.20,NULL,0.00,0,'active',NULL,'2025-01-10 14:23:32','2025-01-10 14:23:32'),(176,1,18,'totam laudantium ut','totam-laudantium-ut','Dolores blanditiis libero ea aliquam quam est distinctio a tenetur repellat qui eum aliquid illum non.','https://via.placeholder.com/600x600.png/00aaff?text=ab',452.70,583.90,NULL,0.00,0,'active',NULL,'2025-01-10 14:23:32','2025-01-10 14:23:32'),(177,9,13,'a sed ea','a-sed-ea','Itaque magni et cumque rerum eos adipisci cupiditate nihil est.','https://via.placeholder.com/600x600.png/00bbbb?text=quas',226.90,874.50,NULL,0.00,0,'active',NULL,'2025-01-10 14:23:32','2025-01-10 14:23:32'),(178,9,3,'reprehenderit et nesciunt','reprehenderit-et-nesciunt','Consectetur deleniti laborum vero consequuntur nemo tempore tenetur officia esse eveniet deleniti sunt cumque molestias nulla.','https://via.placeholder.com/600x600.png/009922?text=adipisci',263.20,714.40,NULL,0.00,1,'active',NULL,'2025-01-10 14:23:32','2025-01-10 14:23:32'),(179,18,14,'exercitationem dolor ex','exercitationem-dolor-ex','Et velit id porro sit necessitatibus tempora dolores ut debitis velit est dolor voluptas nostrum quae ad libero ut voluptate.','https://via.placeholder.com/600x600.png/0000ff?text=mollitia',237.00,569.70,NULL,0.00,1,'active',NULL,'2025-01-10 14:23:32','2025-01-10 14:23:32'),(180,5,10,'adipisci qui voluptatem','adipisci-qui-voluptatem','Molestias accusantium nobis totam beatae voluptatem eum quidem voluptate commodi placeat qui quia necessitatibus sunt possimus necessitatibus laudantium facere commodi voluptatem.','https://via.placeholder.com/600x600.png/0022dd?text=sint',128.10,953.30,NULL,0.00,0,'active',NULL,'2025-01-10 14:23:32','2025-01-10 14:23:32'),(181,13,8,'reiciendis cupiditate fugit','reiciendis-cupiditate-fugit','Voluptatem et enim earum repudiandae assumenda voluptas cum eaque non vel aut odit.','https://via.placeholder.com/600x600.png/00dd55?text=hic',5.50,877.20,NULL,0.00,1,'active',NULL,'2025-01-10 14:23:32','2025-01-10 14:23:32'),(182,6,6,'vero sed ut','vero-sed-ut','Ut quia molestias dicta quis mollitia voluptatibus officia repellendus ipsam dignissimos nisi culpa repellat quaerat.','https://via.placeholder.com/600x600.png/006666?text=qui',215.10,538.90,NULL,0.00,1,'active',NULL,'2025-01-10 14:23:32','2025-01-10 14:23:32'),(183,14,5,'illum quaerat aut','illum-quaerat-aut','Doloremque ipsa sapiente pariatur labore autem at sint placeat quae doloremque quis earum nulla quia aperiam omnis nostrum similique illo et.','https://via.placeholder.com/600x600.png/0044bb?text=eligendi',343.50,626.50,NULL,0.00,0,'active',NULL,'2025-01-10 14:23:32','2025-01-10 14:23:32'),(184,18,6,'earum et aut','earum-et-aut','Officia in quo atque quasi vero dolores explicabo saepe fuga voluptatibus omnis rerum alias voluptas cumque.','https://via.placeholder.com/600x600.png/003333?text=incidunt',288.20,932.30,NULL,0.00,1,'active',NULL,'2025-01-10 14:23:32','2025-01-10 14:23:32'),(185,13,5,'sed illo ut','sed-illo-ut','Voluptatem suscipit consequuntur quo est voluptatem quia et vitae animi explicabo dicta quia itaque consequuntur nostrum expedita deserunt est.','https://via.placeholder.com/600x600.png/005522?text=laborum',33.40,952.20,NULL,0.00,0,'active',NULL,'2025-01-10 14:23:32','2025-01-10 14:23:32'),(186,15,8,'fugiat similique est','fugiat-similique-est','Animi enim ratione odio perspiciatis eveniet ullam at quasi et ullam accusantium magnam repellat dolor mollitia dolores sunt qui.','https://via.placeholder.com/600x600.png/00bb11?text=dolor',297.00,913.10,NULL,0.00,0,'active',NULL,'2025-01-10 14:23:32','2025-01-10 14:23:32'),(187,1,5,'asperiores quis tempora','asperiores-quis-tempora','Possimus blanditiis laborum reprehenderit nam id exercitationem architecto blanditiis rerum velit iure nobis nemo voluptates ratione delectus voluptatibus sunt itaque molestiae.','https://via.placeholder.com/600x600.png/00cc77?text=quaerat',77.90,597.80,NULL,0.00,1,'active',NULL,'2025-01-10 14:23:32','2025-01-10 14:23:32'),(188,5,3,'aut illum quasi','aut-illum-quasi','Provident consequatur doloribus laborum et doloribus possimus cum dolores repellendus molestiae omnis accusamus quis ut quas aut accusamus.','https://via.placeholder.com/600x600.png/0088cc?text=architecto',185.60,939.80,NULL,0.00,1,'active',NULL,'2025-01-10 14:23:32','2025-01-10 14:23:32'),(189,12,20,'blanditiis deleniti est','blanditiis-deleniti-est','Vero quos quo a nihil distinctio doloribus dolores qui consequatur ratione rerum enim.','https://via.placeholder.com/600x600.png/00bbee?text=facere',236.50,908.60,NULL,0.00,0,'active',NULL,'2025-01-10 14:23:32','2025-01-10 14:23:32'),(190,15,8,'soluta nihil quo','soluta-nihil-quo','Quibusdam amet labore eum ut molestiae laudantium accusantium id veniam aut doloribus.','https://via.placeholder.com/600x600.png/007722?text=dolores',287.60,870.60,NULL,0.00,0,'active',NULL,'2025-01-10 14:23:32','2025-01-10 14:23:32'),(191,1,12,'accusantium dignissimos iure','accusantium-dignissimos-iure','Nisi in eos sequi velit cum maiores ratione veritatis iusto facilis dolor voluptate doloremque facilis culpa.','https://via.placeholder.com/600x600.png/0088dd?text=provident',216.70,677.70,NULL,0.00,1,'active',NULL,'2025-01-10 14:23:32','2025-01-10 14:23:32'),(192,15,9,'omnis rerum maxime','omnis-rerum-maxime','Tempore suscipit fugit sequi laborum quisquam sed omnis dolorem ducimus qui delectus temporibus quasi qui eum ut voluptatem voluptatem provident eum.','https://via.placeholder.com/600x600.png/0011bb?text=vitae',407.80,825.00,NULL,0.00,0,'active',NULL,'2025-01-10 14:23:32','2025-01-10 14:23:32'),(193,20,15,'aliquid illum ipsa','aliquid-illum-ipsa','Aut enim repudiandae blanditiis aut sunt ipsa nulla ipsam quo deserunt eius quo voluptatem nihil voluptatem qui.','https://via.placeholder.com/600x600.png/0044ff?text=nisi',405.20,774.00,NULL,0.00,1,'active',NULL,'2025-01-10 14:23:32','2025-01-10 14:23:32'),(194,20,12,'illo consequuntur esse','illo-consequuntur-esse','Quia accusantium incidunt autem libero quisquam aliquid voluptates voluptatum assumenda velit excepturi ut nihil officiis dolores quasi.','https://via.placeholder.com/600x600.png/00ffdd?text=optio',251.20,930.10,NULL,0.00,1,'active',NULL,'2025-01-10 14:23:32','2025-01-10 14:23:32'),(195,15,12,'et distinctio velit','et-distinctio-velit','Repellendus similique nisi corporis dignissimos enim qui nemo culpa maiores est magnam sint inventore officiis illum suscipit cumque dolores.','https://via.placeholder.com/600x600.png/00aa55?text=adipisci',309.80,655.50,NULL,0.00,0,'active',NULL,'2025-01-10 14:23:33','2025-01-10 14:23:33'),(196,13,2,'quis consequatur similique','quis-consequatur-similique','Aut pariatur ab dolore vel asperiores sunt voluptatem repellat excepturi sed temporibus inventore consequatur unde ipsam qui est aut.','https://via.placeholder.com/600x600.png/00dd00?text=dolorem',301.60,992.10,NULL,0.00,0,'active',NULL,'2025-01-10 14:23:33','2025-01-10 14:23:33'),(197,18,18,'similique et quod','similique-et-quod','Nihil error est provident voluptatem similique voluptatem architecto commodi deleniti atque earum quas repudiandae.','https://via.placeholder.com/600x600.png/007700?text=minus',279.50,732.40,NULL,0.00,1,'active',NULL,'2025-01-10 14:23:33','2025-01-10 14:23:33'),(198,18,16,'beatae consequatur quo','beatae-consequatur-quo','Voluptatibus excepturi et similique est totam hic inventore laboriosam labore voluptatem rerum quas temporibus quasi at.','https://via.placeholder.com/600x600.png/004488?text=et',8.40,945.80,NULL,0.00,1,'active',NULL,'2025-01-10 14:23:33','2025-01-10 14:23:33'),(199,13,11,'aut rerum rerum','aut-rerum-rerum','Praesentium dolor magnam dolorem harum ipsa placeat laborum sit culpa alias ut nemo sit voluptatem.','https://via.placeholder.com/600x600.png/0055aa?text=commodi',297.30,622.50,NULL,0.00,0,'active',NULL,'2025-01-10 14:23:33','2025-01-10 14:23:33'),(200,3,13,'et maiores voluptas','et-maiores-voluptas','Vitae beatae voluptate quam dolorem rerum eaque sint deleniti illum in veritatis exercitationem.','https://via.placeholder.com/600x600.png/008888?text=laboriosam',49.10,990.00,NULL,0.00,1,'active',NULL,'2025-01-10 14:23:33','2025-01-10 14:23:33');
/*!40000 ALTER TABLE `products` ENABLE KEYS */;
UNLOCK TABLES;

--
-- Table structure for table `profiles`
--

DROP TABLE IF EXISTS `profiles`;
/*!40101 SET @saved_cs_client     = @@character_set_client */;
/*!50503 SET character_set_client = utf8mb4 */;
CREATE TABLE `profiles` (
  `user_id` bigint unsigned NOT NULL,
  `first_name` varchar(255) COLLATE utf8mb4_unicode_ci NOT NULL,
  `last_name` varchar(255) COLLATE utf8mb4_unicode_ci NOT NULL,
  `birthday` date DEFAULT NULL,
  `gender` enum('male','female') COLLATE utf8mb4_unicode_ci DEFAULT NULL,
  `street_address` varchar(255) COLLATE utf8mb4_unicode_ci DEFAULT NULL,
  `city` varchar(255) COLLATE utf8mb4_unicode_ci DEFAULT NULL,
  `state` varchar(255) COLLATE utf8mb4_unicode_ci DEFAULT NULL,
  `postal_code` varchar(255) COLLATE utf8mb4_unicode_ci DEFAULT NULL,
  `country` char(30) COLLATE utf8mb4_unicode_ci NOT NULL,
  `local` char(20) COLLATE utf8mb4_unicode_ci NOT NULL DEFAULT 'en',
  `created_at` timestamp NULL DEFAULT NULL,
  `updated_at` timestamp NULL DEFAULT NULL,
  PRIMARY KEY (`user_id`),
  CONSTRAINT `profiles_user_id_foreign` FOREIGN KEY (`user_id`) REFERENCES `users` (`id`) ON DELETE CASCADE
) ENGINE=InnoDB DEFAULT CHARSET=utf8mb4 COLLATE=utf8mb4_unicode_ci;
/*!40101 SET character_set_client = @saved_cs_client */;

--
-- Dumping data for table `profiles`
--

LOCK TABLES `profiles` WRITE;
/*!40000 ALTER TABLE `profiles` DISABLE KEYS */;
INSERT INTO `profiles` VALUES (2,'abdallh','elzayat','2003-01-07','male','big mosuk','mansoura','12','1234','Egypt','Arabic','2025-01-11 11:22:53','2025-01-11 11:24:36');
/*!40000 ALTER TABLE `profiles` ENABLE KEYS */;
UNLOCK TABLES;

--
-- Table structure for table `stores`
--

DROP TABLE IF EXISTS `stores`;
/*!40101 SET @saved_cs_client     = @@character_set_client */;
/*!50503 SET character_set_client = utf8mb4 */;
CREATE TABLE `stores` (
  `id` bigint unsigned NOT NULL AUTO_INCREMENT,
  `name` varchar(255) COLLATE utf8mb4_unicode_ci NOT NULL,
  `slug` varchar(255) COLLATE utf8mb4_unicode_ci NOT NULL,
  `description` text COLLATE utf8mb4_unicode_ci,
  `logo_image` varchar(255) COLLATE utf8mb4_unicode_ci DEFAULT NULL,
  `cover_image` varchar(255) COLLATE utf8mb4_unicode_ci DEFAULT NULL,
  `status` enum('active','inactive','archived') COLLATE utf8mb4_unicode_ci NOT NULL DEFAULT 'active',
  `created_at` timestamp NULL DEFAULT NULL,
  `updated_at` timestamp NULL DEFAULT NULL,
  PRIMARY KEY (`id`),
  UNIQUE KEY `stores_slug_unique` (`slug`)
) ENGINE=InnoDB AUTO_INCREMENT=21 DEFAULT CHARSET=utf8mb4 COLLATE=utf8mb4_unicode_ci;
/*!40101 SET character_set_client = @saved_cs_client */;

--
-- Dumping data for table `stores`
--

LOCK TABLES `stores` WRITE;
/*!40000 ALTER TABLE `stores` DISABLE KEYS */;
INSERT INTO `stores` VALUES (1,'et maxime','et-maxime','Impedit dolor facilis voluptatibus veritatis veniam similique iusto corporis fugiat maxime animi provident omnis.','https://via.placeholder.com/300x300.png/00ee44?text=doloremque','https://via.placeholder.com/800x600.png/007755?text=odit','active','2025-01-10 14:23:31','2025-01-10 14:23:31'),(2,'labore quia','labore-quia','Molestiae facilis assumenda ut expedita voluptas et rem dolores fuga officiis id repellendus laborum qui magni nemo.','https://via.placeholder.com/300x300.png/00cc66?text=et','https://via.placeholder.com/800x600.png/00ee88?text=nulla','active','2025-01-10 14:23:31','2025-01-10 14:23:31'),(3,'est quasi','est-quasi','Asperiores rerum soluta repellat perferendis minima ducimus eveniet qui ducimus est.','https://via.placeholder.com/300x300.png/002233?text=reiciendis','https://via.placeholder.com/800x600.png/005544?text=rerum','active','2025-01-10 14:23:31','2025-01-10 14:23:31'),(4,'facere et','facere-et','Corrupti totam consequatur consequatur et quae enim id voluptates ab quia qui vel iste dolorem in voluptatum.','https://via.placeholder.com/300x300.png/00ff55?text=eum','https://via.placeholder.com/800x600.png/00eebb?text=eum','active','2025-01-10 14:23:31','2025-01-10 14:23:31'),(5,'unde dolor','unde-dolor','Et dolores neque repudiandae beatae architecto dolore aut et culpa officia ut.','https://via.placeholder.com/300x300.png/0077aa?text=commodi','https://via.placeholder.com/800x600.png/003322?text=minima','active','2025-01-10 14:23:31','2025-01-10 14:23:31'),(6,'odit quis','odit-quis','A a provident sapiente magnam suscipit quas ullam est unde eos rerum est eaque aut quo veniam saepe non sed consequatur.','https://via.placeholder.com/300x300.png/002211?text=dolorem','https://via.placeholder.com/800x600.png/005511?text=vitae','active','2025-01-10 14:23:31','2025-01-10 14:23:31'),(7,'omnis sint','omnis-sint','Sed rerum at consequuntur saepe iste distinctio recusandae cumque qui velit dolor voluptas ratione sit neque sit reiciendis voluptatem.','https://via.placeholder.com/300x300.png/005544?text=veritatis','https://via.placeholder.com/800x600.png/0044dd?text=consequatur','active','2025-01-10 14:23:31','2025-01-10 14:23:31'),(8,'sint qui','sint-qui','Aut at laborum rerum quos porro tempora omnis consectetur ut minima similique voluptas deserunt atque vero.','https://via.placeholder.com/300x300.png/0000cc?text=perferendis','https://via.placeholder.com/800x600.png/0044dd?text=labore','active','2025-01-10 14:23:31','2025-01-10 14:23:31'),(9,'earum est','earum-est','Reprehenderit tempora voluptatibus dolor enim nam minima quia veritatis earum modi in.','https://via.placeholder.com/300x300.png/00aa77?text=iste','https://via.placeholder.com/800x600.png/00aa99?text=non','active','2025-01-10 14:23:31','2025-01-10 14:23:31'),(10,'perspiciatis sunt','perspiciatis-sunt','Facilis exercitationem praesentium ea necessitatibus assumenda excepturi dolorem et eaque atque ducimus vel.','https://via.placeholder.com/300x300.png/0088ee?text=veritatis','https://via.placeholder.com/800x600.png/00dd44?text=ad','active','2025-01-10 14:23:31','2025-01-10 14:23:31'),(11,'provident aut','provident-aut','Voluptas ut vero aspernatur iusto maxime expedita harum in officia ut odio libero sequi.','https://via.placeholder.com/300x300.png/00aa99?text=ipsa','https://via.placeholder.com/800x600.png/00ccff?text=ab','active','2025-01-10 14:23:31','2025-01-10 14:23:31'),(12,'quae in','quae-in','Autem aut ut delectus officiis dolor quis exercitationem molestias vero sit similique quisquam suscipit nihil.','https://via.placeholder.com/300x300.png/0044aa?text=corrupti','https://via.placeholder.com/800x600.png/00aa77?text=veniam','active','2025-01-10 14:23:31','2025-01-10 14:23:31'),(13,'velit alias','velit-alias','Odio consequatur quisquam necessitatibus sed odio sint rerum qui fugiat sit natus et quo.','https://via.placeholder.com/300x300.png/005500?text=doloribus','https://via.placeholder.com/800x600.png/00aa66?text=ipsum','active','2025-01-10 14:23:31','2025-01-10 14:23:31'),(14,'aut recusandae','aut-recusandae','Quia facilis autem culpa quis nihil dolorem ipsa perspiciatis consequatur doloribus natus vel doloremque quasi consequatur dicta quos.','https://via.placeholder.com/300x300.png/0088dd?text=illum','https://via.placeholder.com/800x600.png/0000aa?text=officia','active','2025-01-10 14:23:31','2025-01-10 14:23:31'),(15,'necessitatibus excepturi','necessitatibus-excepturi','Aperiam ullam optio officiis ut cum consequatur fugiat qui tenetur vel et.','https://via.placeholder.com/300x300.png/006622?text=qui','https://via.placeholder.com/800x600.png/00cc44?text=enim','active','2025-01-10 14:23:31','2025-01-10 14:23:31'),(16,'nemo hic','nemo-hic','Delectus ducimus maxime inventore animi et optio consequatur quia culpa dolorum consequatur beatae ad incidunt rerum inventore et qui.','https://via.placeholder.com/300x300.png/00dd22?text=odit','https://via.placeholder.com/800x600.png/000088?text=aut','active','2025-01-10 14:23:31','2025-01-10 14:23:31'),(17,'quam delectus','quam-delectus','Nam inventore magni laboriosam quisquam atque id distinctio repudiandae beatae.','https://via.placeholder.com/300x300.png/0033aa?text=fugiat','https://via.placeholder.com/800x600.png/0099ff?text=id','active','2025-01-10 14:23:31','2025-01-10 14:23:31'),(18,'perspiciatis qui','perspiciatis-qui','Itaque et sint quo quis iste molestiae nesciunt repellat sapiente nesciunt aliquid aut vero minima reiciendis odio placeat temporibus.','https://via.placeholder.com/300x300.png/000055?text=quo','https://via.placeholder.com/800x600.png/00aaaa?text=consequatur','active','2025-01-10 14:23:31','2025-01-10 14:23:31'),(19,'et alias','et-alias','Assumenda sequi consectetur recusandae nisi aut consequatur unde consectetur velit incidunt quo pariatur.','https://via.placeholder.com/300x300.png/008833?text=ut','https://via.placeholder.com/800x600.png/0000aa?text=atque','active','2025-01-10 14:23:31','2025-01-10 14:23:31'),(20,'consequatur sed','consequatur-sed','Nihil ut dicta aut at voluptas quia quo ipsum et incidunt assumenda sed qui rerum atque odio.','https://via.placeholder.com/300x300.png/0077ff?text=ut','https://via.placeholder.com/800x600.png/0000dd?text=ea','active','2025-01-10 14:23:31','2025-01-10 14:23:31');
/*!40000 ALTER TABLE `stores` ENABLE KEYS */;
UNLOCK TABLES;

--
-- Table structure for table `tags`
--

DROP TABLE IF EXISTS `tags`;
/*!40101 SET @saved_cs_client     = @@character_set_client */;
/*!50503 SET character_set_client = utf8mb4 */;
CREATE TABLE `tags` (
  `id` bigint unsigned NOT NULL AUTO_INCREMENT,
  `name` varchar(255) COLLATE utf8mb4_unicode_ci NOT NULL,
  `slug` varchar(255) COLLATE utf8mb4_unicode_ci NOT NULL,
  PRIMARY KEY (`id`),
  UNIQUE KEY `tags_slug_unique` (`slug`)
) ENGINE=InnoDB AUTO_INCREMENT=17 DEFAULT CHARSET=utf8mb4 COLLATE=utf8mb4_unicode_ci;
/*!40101 SET character_set_client = @saved_cs_client */;

--
-- Dumping data for table `tags`
--

LOCK TABLES `tags` WRITE;
/*!40000 ALTER TABLE `tags` DISABLE KEYS */;
INSERT INTO `tags` VALUES (12,'tags','tags'),(14,'cotton','cotton'),(15,'shirts','shirts'),(16,'clothes','clothes');
/*!40000 ALTER TABLE `tags` ENABLE KEYS */;
UNLOCK TABLES;

--
-- Table structure for table `users`
--

DROP TABLE IF EXISTS `users`;
/*!40101 SET @saved_cs_client     = @@character_set_client */;
/*!50503 SET character_set_client = utf8mb4 */;
CREATE TABLE `users` (
  `id` bigint unsigned NOT NULL AUTO_INCREMENT,
  `name` varchar(255) COLLATE utf8mb4_unicode_ci NOT NULL,
  `email` varchar(255) COLLATE utf8mb4_unicode_ci NOT NULL,
  `email_verified_at` timestamp NULL DEFAULT NULL,
  `password` varchar(255) COLLATE utf8mb4_unicode_ci NOT NULL,
  `phone_number` varchar(255) COLLATE utf8mb4_unicode_ci DEFAULT NULL,
  `type` enum('admin','user','super-admin') COLLATE utf8mb4_unicode_ci NOT NULL DEFAULT 'user',
  `store_id` bigint unsigned DEFAULT NULL,
  `remember_token` varchar(100) COLLATE utf8mb4_unicode_ci DEFAULT NULL,
  `created_at` timestamp NULL DEFAULT NULL,
  `updated_at` timestamp NULL DEFAULT NULL,
  PRIMARY KEY (`id`),
  UNIQUE KEY `users_email_unique` (`email`),
  UNIQUE KEY `users_phone_number_unique` (`phone_number`),
  KEY `users_store_id_foreign` (`store_id`),
  CONSTRAINT `users_store_id_foreign` FOREIGN KEY (`store_id`) REFERENCES `stores` (`id`) ON DELETE SET NULL
) ENGINE=InnoDB AUTO_INCREMENT=3 DEFAULT CHARSET=utf8mb4 COLLATE=utf8mb4_unicode_ci;
/*!40101 SET character_set_client = @saved_cs_client */;

--
-- Dumping data for table `users`
--

LOCK TABLES `users` WRITE;
/*!40000 ALTER TABLE `users` DISABLE KEYS */;
INSERT INTO `users` VALUES (1,'user','user@gmail.com',NULL,'$2y$12$RHnR8h7OygPXOq3HegpI3.aXOqKbNUBNdcDMqrI.9BEMJsaTuzShu','0123456788','user',1,NULL,'2025-01-10 14:23:56','2025-01-10 14:23:56'),(2,'Admin','admin@gmail.com',NULL,'$2y$12$xjT5ABFKtTDy1I6OSb87EeHfOFAv0nEz/OAi6abbzbnP8dqUyaSnO','0123456789','super-admin',NULL,NULL,NULL,NULL);
/*!40000 ALTER TABLE `users` ENABLE KEYS */;
UNLOCK TABLES;
/*!40103 SET TIME_ZONE=@OLD_TIME_ZONE */;

/*!40101 SET SQL_MODE=@OLD_SQL_MODE */;
/*!40014 SET FOREIGN_KEY_CHECKS=@OLD_FOREIGN_KEY_CHECKS */;
/*!40014 SET UNIQUE_CHECKS=@OLD_UNIQUE_CHECKS */;
/*!40101 SET CHARACTER_SET_CLIENT=@OLD_CHARACTER_SET_CLIENT */;
/*!40101 SET CHARACTER_SET_RESULTS=@OLD_CHARACTER_SET_RESULTS */;
/*!40101 SET COLLATION_CONNECTION=@OLD_COLLATION_CONNECTION */;
/*!40111 SET SQL_NOTES=@OLD_SQL_NOTES */;

-- Dump completed on 2025-01-16 10:40:36
